date,water_level_cm,water_level_1day_lag,t_avg_c,precip_mm,snow_pack_mm,snow_melt_mm,evaporation_mm,ice_jam_effect_cm,level_trend_3d,temp_trend_3d
2023-01-01,40.5,40.5,-9.98965847485941,0.0,2.9968975424578232,0.0,0.0,0.0,0.0,0.0
2023-01-02,33.3,40.5,-11.965954484143062,5.048294235648455,6.586683887700742,0.0,0.0,0.0,0.0,0.0
2023-01-03,35.9,33.3,-9.674255825102396,0.0,9.48896063523146,0.0,0.0,0.0,0.0,0.0
2023-01-04,41.9,35.9,-7.109171336399935,0.0,11.621712036151441,0.0,0.0,0.0,1.3999999999999986,2.8804871384594755
2023-01-05,38.3,41.9,-12.436422045779098,0.0,15.35263864988517,0.0,0.0,0.0,5.0,-0.47046756163603654
2023-01-06,43.5,38.3,-12.4868188527941,0.16879342326611846,19.0986843057234,0.0,0.0,0.0,7.600000000000001,-2.812563027691704
2023-01-07,38.1,43.5,-7.091945691857836,0.0,21.226268013280748,0.0,0.0,0.0,-3.799999999999997,0.017225644542099516
2023-01-08,49.5,38.1,-9.567172816780595,0.0,24.096419858314928,0.0,0.0,0.0,11.200000000000003,2.8692492289985037
2023-01-09,45.3,49.5,-13.312497916212235,0.0,28.0901692331786,0.0,0.0,0.0,1.7999999999999972,-0.8256790634181357
2023-01-10,41.3,45.3,-10.305687018065047,0.0,31.181875338598115,0.0,0.0,0.0,3.1999999999999957,-3.213741326207211
2023-01-11,44.4,41.3,-13.347598573955928,0.0,35.18615491078489,0.0,0.0,0.0,-5.100000000000001,-3.7804257571753332
2023-01-12,44.6,44.4,-13.37319195390334,0.7666106550163935,39.19811249695589,0.0,0.0,0.0,-0.6999999999999957,-0.06069403769110515
2023-01-13,37.9,44.6,-11.263446398616585,3.422120672176254,42.57714641654087,0.0,0.0,0.0,-3.3999999999999986,-0.9577593805515381
2023-01-14,37.3,37.9,-17.737173839737487,0.0,47.89829856846212,0.0,0.0,0.0,-7.100000000000001,-4.389575265781559
2023-01-15,42.8,37.3,-17.1747534975391,1.6891153641699952,53.050724617723844,0.0,0.0,0.0,-1.8000000000000043,-3.80156154363576
2023-01-16,45.2,42.8,-13.684195693487009,0.0,57.155983325769945,0.0,0.0,0.0,7.300000000000004,-2.420749294870424
2023-01-17,42.8,45.2,-15.02782657431796,0.0,61.664331298065335,0.0,0.0,0.0,5.5,2.7093472654195274
2023-01-18,35.2,42.8,-11.033260695406748,0.0,64.97430950668736,0.0,0.0,0.0,-7.599999999999994,6.141492802132353
2023-01-19,37.9,35.2,-14.681417722082175,3.829556601595047,69.37873482331202,0.0,0.0,0.0,-7.300000000000004,-0.9972220285951661
2023-01-20,40.5,37.9,-16.170278252828815,0.0,74.22981829916066,0.0,0.0,0.0,-2.299999999999997,-1.1424516785108558
2023-01-21,42.5,40.5,-7.507128451642717,0.0,76.48195683465347,0.0,0.0,0.0,7.299999999999997,3.526132243764031
2023-01-22,49.9,42.5,-12.546805905698928,0.0,80.24599860636314,0.0,0.0,0.0,12.0,2.134611816383247
2023-01-23,35.8,49.9,-11.626999524316238,0.0,83.73409846365801,0.0,0.0,0.0,-4.700000000000003,4.543278728512577
2023-01-24,43.0,35.8,-16.058652540586927,0.0,88.5516942258341,0.0,0.0,0.0,0.5,-8.551524088944209
2023-01-25,46.6,43.0,-13.367110095184639,1.914157848110764,92.56182725438948,0.0,0.0,0.0,-3.299999999999997,-0.8203041894857108
2023-01-26,49.6,46.6,-11.345493136494413,0.0,95.9654751953378,0.0,0.0,0.0,13.800000000000004,0.2815063878218247
2023-01-27,39.9,49.6,-15.070302171671383,0.0,100.48656584683921,0.0,0.0,0.0,-3.1000000000000014,0.988350368915544
2023-01-28,43.0,39.9,-10.424067525592491,0.0,103.61378610451696,0.0,0.0,0.0,-3.6000000000000014,2.943042569592148
2023-01-29,43.0,43.0,-13.281717003649524,0.0,107.59830120561182,0.0,0.0,0.0,-6.600000000000001,-1.9362238671551104
2023-01-30,41.3,43.0,-12.278341894274826,0.0,111.28180377389427,0.0,0.0,0.0,1.3999999999999986,2.791960277396557
2023-01-31,40.0,41.3,-13.126683230862865,0.0,115.21980874315312,0.0,0.0,0.0,-3.0,-2.7026157052703734
2023-02-01,42.0,40.0,-5.677898836863895,0.0,116.92317839421229,0.0,0.0,0.0,-1.0,7.603818166785628
2023-02-02,30.0,42.0,-11.183288037360954,0.0,120.27816480542057,0.0,0.0,0.0,-11.299999999999997,1.0950538569138715
2023-02-03,42.9,30.0,-14.218912342237058,1.7415662107577854,124.5438385080917,0.0,0.0,0.0,2.8999999999999986,-1.092229111374193
2023-02-04,40.6,42.9,-8.476076978921682,2.7965285710465726,127.0866616017682,0.0,0.0,0.0,-1.3999999999999986,-2.798178142057787
2023-02-05,40.2,40.6,-14.499154037549733,0.0,131.43640781303313,0.0,0.0,0.0,10.200000000000003,-3.3158660001887785
2023-02-06,50.6,40.2,-10.097954620242874,0.0,134.465794199106,0.0,0.0,0.0,7.700000000000003,4.120957721994184
2023-02-07,39.0,50.6,-16.486522250768104,0.0,139.41175087433643,0.0,0.0,0.0,-1.6000000000000014,-8.010445271846422
2023-02-08,39.6,39.0,-14.47011533550646,0.1405612938346057,143.75278547498837,0.0,0.0,0.0,-0.6000000000000014,0.02903870204327319
2023-02-09,48.8,39.6,-9.768133764503682,0.0,146.68322560433947,0.0,0.0,0.0,-1.8000000000000043,0.3298208557391913
2023-02-10,37.3,48.8,-8.01163057438768,0.4003806547543956,149.08671477665578,0.0,0.0,0.0,-1.7000000000000028,8.474891676380423
2023-02-11,38.3,37.3,-9.576429893776714,0.0,151.9596437447888,0.0,0.0,0.0,-1.3000000000000043,4.893685441729746
2023-02-12,40.0,38.3,-10.296216034779205,0.07743576644630477,155.04850855522255,0.0,0.0,0.0,-8.799999999999997,-0.5280822702755223
2023-02-13,43.8,40.0,-10.706592611383853,0.0,158.26048633863772,0.0,0.0,0.0,6.5,-2.6949620369961718
2023-02-14,41.2,43.8,-14.08817497934128,0.0,162.4869388324401,0.0,0.0,0.0,2.9000000000000057,-4.511745085564566
2023-02-15,35.1,41.2,-11.656830911186024,0.0,165.9839881057959,0.0,0.0,0.0,-4.899999999999999,-1.360614876406819
2023-02-16,38.0,35.1,-10.719311692702929,2.778083780778221,169.19978161360677,0.0,0.0,0.0,-5.799999999999997,-0.012719081319076508
2023-02-17,37.7,38.0,-6.001580993729343,3.666152658495951,171.0002559117256,0.0,0.0,0.0,-3.5,8.086593985611938
2023-02-18,41.4,37.7,-7.9731490243888725,1.716140384995419,173.39220061904226,0.0,0.0,0.0,6.299999999999997,3.6836818867971513
2023-02-19,45.1,41.4,-14.119734569724177,0.0,177.6281209899595,0.0,0.0,0.0,7.100000000000001,-3.4004228770212475
2023-02-20,45.1,45.1,-7.680577774963535,0.0,179.93229432244857,0.0,0.0,0.0,7.399999999999999,-1.6789967812341917
2023-02-21,35.3,45.1,-9.625950154239733,0.0,182.82007936872049,0.0,0.0,0.0,-6.100000000000001,-1.652801129850861
2023-02-22,45.9,35.3,-10.315054962056529,0.0,185.91459585733745,0.0,0.0,0.0,0.7999999999999972,3.804679607667648
2023-02-23,42.2,45.9,-6.258612999664528,0.4719295891521258,187.7921797572368,0.0,0.0,0.0,-2.8999999999999986,1.4219647752990063
2023-02-24,46.4,42.2,-4.805819953497104,0.0,189.23392574328594,0.0,0.0,0.0,11.100000000000001,4.820130200742629
2023-02-25,42.6,46.4,-4.90603629854535,0.0,190.70573663284955,0.0,0.0,0.0,-3.299999999999997,5.409018663511179
2023-02-26,45.0,42.6,-10.014527791350151,1.4934811756028452,193.7100949702546,0.0,0.0,0.0,2.799999999999997,-3.7559147916856226
2023-02-27,42.3,45.0,-8.21751149960956,0.0,196.17534842013748,0.0,0.0,0.0,-4.100000000000001,-3.411691546112457
2023-02-28,46.6,42.3,-6.08514515162349,1.875623677762912,198.00089196562453,0.0,0.0,0.0,4.0,-1.17910885307814
2023-03-01,42.9,46.6,-3.9374855674062186,0.0,199.1821376358464,0.0,0.0,0.0,-2.1000000000000014,6.077042223943932
2023-03-02,41.3,42.9,-8.083017248580697,0.0,201.6070428104206,0.0,0.0,0.0,-1.0,0.1344942510288636
2023-03-03,50.3,41.3,-6.980097918364946,2.431681343724521,203.7010721859301,0.0,0.0,0.0,3.6999999999999957,-0.8949527667414561
2023-03-04,44.4,50.3,-9.516071124858485,0.0,206.55589352338762,0.0,0.0,0.0,1.5,-5.578585557452266
2023-03-05,44.3,44.4,-9.556017035599169,0.0,209.4226986340674,0.0,0.0,0.0,3.0,-1.4729997870184715
2023-03-06,36.3,44.3,-3.296604458634233,0.0,210.41167997165766,0.0,0.0,0.0,-14.0,3.6834934597307125
2023-03-07,35.8,36.3,-1.4287695112150196,1.856906568228064,210.84031082502216,0.0,0.0,0.0,-8.600000000000001,8.087301613643465
2023-03-08,41.9,35.8,-5.473420678475435,0.0,212.48233702856479,0.0,0.0,0.0,-2.3999999999999986,4.082596357123734
2023-03-09,42.2,41.9,-2.0033565291609645,0.5580194577002245,213.08334398731307,0.0,0.0,0.0,5.900000000000006,1.2932479294732686
2023-03-10,38.7,42.2,-3.682348384163594,0.0,214.18804850256214,0.0,0.0,0.0,2.9000000000000057,-2.2535788729485744
2023-03-11,41.7,38.7,-6.4527263891260045,0.0,216.12386641929993,0.0,0.0,0.0,-0.19999999999999574,-0.9793057106505696
2023-03-12,47.1,41.7,-3.1801744519269244,0.0,217.077918754878,0.0,0.0,0.0,4.899999999999999,-1.1768179227659599
2023-03-13,44.6,47.1,0.6057958395711047,0.0,211.16922499552135,5.908693759356657,0.0,0.0,5.899999999999999,4.288144223734699
2023-03-14,36.7,44.6,-3.8567788891375194,0.0,212.3262586622626,0.0,0.0,0.0,-5.0,2.595947499988485
2023-03-15,41.9,36.7,1.2065322118793178,0.0,205.51646034444363,6.809798317818977,0.0,0.0,-5.200000000000003,4.386706663806242
2023-03-16,38.4,41.9,-11.08192073058086,0.7791321548006339,208.84103656361788,0.0,0.0,0.0,-6.200000000000003,-11.687716570151965
2023-03-17,39.6,38.4,-0.4895316872035811,0.0,208.98789606977894,0.0,0.0,0.0,2.8999999999999986,3.3672472019339383
2023-03-18,39.6,39.6,-2.4239981469874192,1.0470707874194354,209.71509551387516,0.0,0.0,0.0,-2.299999999999997,-3.630530358866737
2023-03-19,39.0,39.6,-3.3094879602416416,0.06261274248588845,210.70794190194763,0.0,0.0,0.0,0.6000000000000014,7.772432770339218
2023-03-20,36.3,39.0,-1.862017341174972,0.0,211.26654710430012,0.0,0.0,0.0,-3.3000000000000043,-1.372485653971391
2023-03-21,40.5,36.3,-7.8224289190118315,0.9913976491579934,213.61327578000368,0.0,0.0,0.0,0.8999999999999986,-5.398430772024412
2023-03-22,38.6,40.5,-2.2388313378421483,0.0,214.28492518135633,0.0,0.0,0.0,-0.3999999999999986,1.0706566223994933
2023-03-23,29.6,38.6,-0.22632539594471313,1.3100377932024423,214.35282280013973,0.0,0.0,0.0,-6.699999999999996,1.635691945230259
2023-03-24,51.4,29.6,3.4203340426703646,0.0,204.22232173613418,10.130501064005546,0.0,0.0,10.899999999999999,11.242762961682196
2023-03-25,47.6,51.4,-2.281765521049385,0.0,204.906851392449,0.0,0.0,0.0,9.0,-0.04293418320723674
2023-03-26,41.0,47.6,-2.8640491076758208,0.0,205.76606612475175,0.0,0.0,0.0,11.399999999999999,-2.6377237117311076
2023-03-27,42.2,41.0,-1.6535449757750107,0.0,206.26212961748425,0.0,0.0,0.0,-9.199999999999996,-5.073879018445375
2023-03-28,39.8,42.2,2.8900488282905803,0.0,196.92705637504838,9.33507324243587,0.0,2.1,-7.800000000000004,5.171814349339965
2023-03-29,53.2,39.8,1.4239474302299993,3.3984050939320896,189.79113522970337,7.135921145344999,0.0,3.9,12.200000000000003,4.28799653790582
2023-03-30,52.8,53.2,-0.8560866527013871,0.0,190.04796122551377,0.0,0.0,0.0,10.599999999999994,0.7974583230736236
2023-03-31,49.1,52.8,2.5700567835856294,0.0,181.19287605013534,8.855085175378443,0.0,0.0,9.300000000000004,-0.3199920447049509
2023-04-01,52.6,49.1,1.6200203007877236,0.0,173.76284559895376,7.430030451181585,0.0,0.0,-0.6000000000000014,0.19607287055772438
2023-04-02,50.5,52.6,4.534639973871826,0.0,161.960885638146,11.80195996080774,0.0,0.0,-2.299999999999997,5.390726626573214
2023-04-03,43.1,50.5,-0.17624162078124606,1.2884251229170456,162.0137581243804,0.0,0.0,0.0,-6.0,-2.7462984043668754
2023-04-04,47.6,43.1,1.2493499328718232,4.156399433642341,155.13973322507266,6.874024899307734,0.0,0.0,-5.0,-0.37067036791590047
2023-04-05,51.5,47.6,1.3595470651285875,0.0,148.10041262737977,7.039320597692881,0.0,0.0,1.0,-3.1750929087432387
2023-04-06,51.0,51.5,-1.5501116719820636,0.13965374206282435,148.5654461289744,0.0,0.0,0.0,7.899999999999999,-1.3738700512008175
2023-04-07,53.5,51.0,4.034291899337303,1.5971625892687003,137.51400827996844,11.051437849005953,0.0,0.0,5.899999999999999,2.78494196646548
2023-04-08,55.7,53.5,4.235440502632894,1.2604672091440843,126.1608475260191,11.353160753949341,0.0,0.0,4.200000000000003,2.8758934375043066
2023-04-09,58.1,55.7,3.774713619965178,3.7189714738478163,115.49877709607134,10.662070429947768,0.0,0.0,7.100000000000001,5.324825291947242
2023-04-10,60.6,58.1,3.3633743599196237,0.0,105.4537155561919,10.045061539879436,0.0,0.0,7.100000000000001,-0.6709175394176792
2023-04-11,58.5,60.6,0.12935879329001576,0.0,100.25967736625687,5.194038189935023,0.0,0.0,2.799999999999997,-4.106081709342878
2023-04-12,60.9,58.5,3.4223516935385225,2.034064180059102,90.12614982594908,10.133527540307783,0.0,0.0,2.799999999999997,-0.35236192642665554
2023-04-13,60.2,60.9,3.965350628608829,1.377059948379313,79.17812388303584,10.948025942913244,0.0,0.0,-0.3999999999999986,0.6019762686892052
2023-04-14,71.9,60.2,2.8961671362760035,0.0,69.83387317862183,9.344250704414005,0.0,0.0,13.400000000000006,2.7668083429859878
2023-04-15,62.4,71.9,5.128853111149972,2.0943667925608476,57.14059351189687,12.693279666724958,0.010503982301329392,0.0,1.5,1.7065014176114497
2023-04-16,77.9,62.4,7.134688881111218,1.106775574211498,41.438560190230035,15.702033321666828,0.15783057200079365,0.0,17.700000000000003,3.1693382525023894
2023-04-17,83.4,77.9,11.890943032981749,2.2287568205764194,21.438560190230035,20.0,0.5225720224860749,0.0,11.5,8.994775896705745
2023-04-18,79.0,83.4,7.065898925739863,0.0,5.83971180162024,15.598848388609795,0.18159220790592465,0.0,16.6,1.937045814589891
2023-04-19,70.8,79.0,7.624436161972067,0.9736712953429505,0.0,5.83971180162024,0.5750669460892456,0.0,-7.1000000000000085,0.48974728086084873
2023-04-20,78.7,70.8,6.93781434278919,2.699207690037879,0.0,0.0,0.37410068906617217,0.0,-4.700000000000003,-4.953128690192559
2023-04-21,80.3,78.7,1.7138614700504782,1.2531100788690972,0.0,0.0,0.0,0.0,1.2999999999999972,-5.352037455689385
2023-04-22,78.6,80.3,7.699220870844035,0.0,0.0,0.0,0.7397727314046336,0.0,7.799999999999997,0.07478470887196753
2023-04-23,81.8,78.6,8.267513422542088,2.957273255406565,0.0,0.0,0.8065932305259451,0.0,3.0999999999999943,1.3296990797528974
2023-04-24,90.6,81.8,15.783991055071384,2.562567921638319,0.0,0.0,2.317861324408504,0.0,10.299999999999997,14.070129585020906
2023-04-25,90.1,90.6,8.123914275860379,0.0,0.0,0.0,0.6938806715833623,0.0,11.5,0.42469340501634445
2023-04-26,86.2,90.1,9.911571286038985,1.8784312137320325,0.0,0.0,0.8121492213780133,0.0,4.400000000000006,1.6440578634968972
2023-04-27,84.2,86.2,9.207835020722511,0.0,0.0,0.0,1.1423657150102944,0.0,-6.3999999999999915,-6.576156034348873
2023-04-28,91.5,84.2,6.109995879492835,0.0,0.0,0.0,0.29960772443678807,0.0,1.4000000000000057,-2.0139183963675444
2023-04-29,92.8,91.5,13.347486590682632,0.0,0.0,0.0,1.3673505176429566,0.0,6.599999999999994,3.435915304643647
2023-04-30,96.6,92.8,12.4766441103277,0.0,0.0,0.0,1.9483431225796777,0.0,12.399999999999991,3.2688090896051882
2023-05-01,93.7,96.6,12.89451699105589,3.8904680901372477,0.0,0.0,2.1758013891799557,0.0,2.200000000000003,6.784521111563055
2023-05-02,99.1,93.7,8.09249512853492,1.2136331380744672,0.0,0.0,0.6274033099249148,0.0,6.299999999999997,-5.2549914621477125
2023-05-03,108.4,99.1,15.32684830386636,3.524050929027712,0.0,0.0,1.998183079809628,0.0,11.800000000000011,2.8502041935386604
2023-05-04,105.2,108.4,7.20920334906517,4.16350875106804,0.0,0.0,0.6054281056740133,0.0,11.5,-5.685313641990719
2023-05-05,104.2,105.2,13.470014476004721,0.0,0.0,0.0,1.9880571516813343,0.0,5.1000000000000085,5.377519347469802
2023-05-06,106.0,104.2,18.5738048979573,0.0,0.0,0.0,4.721205410681879,0.0,-2.4000000000000057,3.246956594090939
2023-05-07,104.8,106.0,9.322045219130047,0.0,0.0,0.0,1.3120973710826687,0.0,-0.4000000000000057,2.1128418700648766
2023-05-08,110.8,104.8,10.884112234142524,5.098398232456665,0.0,0.0,1.6425990623411915,0.0,6.599999999999994,-2.585902241862197
2023-05-09,103.6,110.8,13.16936006006278,7.125729688228607,0.0,0.0,2.3011210722172932,0.0,-2.4000000000000057,-5.404444837894518
2023-05-10,109.6,103.6,11.64534369473741,0.0,0.0,0.0,2.145610203262921,0.0,4.799999999999997,2.3232984756073627
2023-05-11,113.4,109.6,8.787024646893876,2.0803243246622616,0.0,0.0,1.1291863137060014,0.0,2.6000000000000085,-2.097087587248648
2023-05-12,109.5,113.4,13.925743806842783,1.9225889477529925,0.0,0.0,2.503564817601871,0.0,5.900000000000006,0.7563837467800028
2023-05-13,106.3,109.5,10.811896064704722,0.0,0.0,0.0,1.191477516781482,0.0,-3.299999999999997,-0.833447630032687
2023-05-14,113.1,106.3,15.695966602043416,0.0,0.0,0.0,4.397746089960941,0.0,-0.30000000000001137,6.90894195514954
2023-05-15,110.7,113.1,11.790846594505489,2.565815740386775,0.0,0.0,1.3495970931991264,0.0,1.2000000000000028,-2.134897212337295
2023-05-16,112.3,110.7,19.470319210775685,1.4032220335661925,0.0,0.0,3.4592791469325053,0.0,6.0,8.658423146070962
2023-05-17,109.4,112.3,12.739539107978656,2.452420937058175,0.0,0.0,1.3204339279085393,0.0,-3.6999999999999886,-2.9564274940647604
2023-05-18,116.5,109.4,14.38920407018225,4.377159578992073,0.0,0.0,2.6522502170279503,0.0,5.799999999999997,2.598357475676762
2023-05-19,108.8,116.5,18.059257701166622,0.0,0.0,0.0,3.430753611031241,0.0,-3.5,-1.4110615096090626
2023-05-20,120.9,108.8,12.186580299823074,1.2886754336893658,0.0,0.0,2.113063725824303,0.0,11.5,-0.5529588081555818
2023-05-21,105.7,120.9,16.819092840760923,8.826786585927684,0.0,0.0,1.9656055887338462,0.0,-10.799999999999997,2.429888770578673
2023-05-22,114.1,105.7,20.312677360778373,0.0,0.0,0.0,4.773852563295369,0.0,5.299999999999997,2.253419659611751
2023-05-23,118.7,114.1,11.820256303860722,0.0,0.0,0.0,1.458312621755978,0.0,-2.200000000000003,-0.3663239959623521
2023-05-24,111.4,118.7,17.444910829276193,0.0,0.0,0.0,3.078880084087156,0.0,5.700000000000003,0.6258179885152693
2023-05-25,114.7,111.4,17.91573364147033,3.2710747390441886,0.0,0.0,3.9071403236658258,0.0,0.6000000000000085,-2.3969437193080445
2023-05-26,117.0,114.7,19.72333001670421,0.0,0.0,0.0,3.9506316505146164,0.0,-1.7000000000000028,7.903073712843488
2023-05-27,104.2,117.0,13.905413905497658,0.0,0.0,0.0,2.4216409247602475,0.0,-7.200000000000003,-3.5394969237785343
2023-05-28,114.0,104.2,13.88985868531205,3.8967216002723544,0.0,0.0,2.629247890190499,0.0,-0.7000000000000028,-4.02587495615828
2023-05-29,101.2,114.0,19.648503933066255,0.0,0.0,0.0,4.055706713087719,0.0,-15.799999999999997,-0.07482608363795507
2023-05-30,109.1,101.2,19.201503608942545,0.0,0.0,0.0,3.3743269197170433,0.0,4.8999999999999915,5.296089703444887
2023-05-31,118.4,109.1,19.286250611781327,0.0,0.0,0.0,3.5217047020644836,0.0,4.400000000000006,5.396391926469278
2023-06-01,108.7,118.4,19.7946248372512,1.961976448598739,0.0,0.0,4.626467384875332,0.0,7.5,0.1461209041849436
2023-06-02,105.8,108.7,16.931934527234024,2.824752575026947,0.0,0.0,2.938437357750587,0.0,-3.299999999999997,-2.2695690817085215
2023-06-03,110.4,105.8,19.881654380527433,0.0,0.0,0.0,5.353831711900309,0.0,-8.0,0.595403768746106
2023-06-04,120.5,110.4,20.273088337580536,0.0,0.0,0.0,4.846444720326914,0.0,11.799999999999997,0.4784635003293367
2023-06-05,104.0,120.5,17.45582539922914,0.0,0.0,0.0,3.7926316280032637,0.0,-1.7999999999999972,0.5238908719951176
2023-06-06,106.3,104.0,25.397182280837132,0.0,0.0,0.0,7.578568865281297,0.0,-4.1000000000000085,5.515527900309699
2023-06-07,116.0,106.3,21.418247408260648,0.0,0.0,0.0,4.807150891797085,0.0,-4.5,1.145159070680112
2023-06-08,117.2,116.0,16.615580513341513,5.966805950679947,0.0,0.0,3.3575386072175775,0.0,13.200000000000003,-0.8402448858876284
2023-06-09,109.1,117.2,22.34768953785606,2.830204888401566,0.0,0.0,4.6998755010134765,0.0,2.799999999999997,-3.049492742981073
2023-06-10,108.0,109.1,17.638260888067087,0.0,0.0,0.0,4.051624488073815,0.0,-8.0,-3.7799865201935603
2023-06-11,121.7,108.0,23.1035217712528,6.722559656667327,0.0,0.0,5.766098526467332,0.0,4.5,6.487941257911288
2023-06-12,118.2,121.7,24.39364830616328,0.0,0.0,0.0,5.042793604450445,0.0,9.100000000000009,2.0459587683072193
2023-06-13,117.6,118.2,18.626987738864806,1.9806785513738006,0.0,0.0,3.9428103028157757,0.0,9.599999999999994,0.9887268507977183
2023-06-14,109.6,117.6,24.145864999803926,4.812240289428656,0.0,0.0,4.9860401407431585,0.0,-12.100000000000009,1.0423432285511254
2023-06-15,112.4,109.6,22.656260707027563,5.889182908011008,0.0,0.0,4.5501577410247265,0.0,-5.799999999999997,-1.7373875991357153
2023-06-16,113.4,112.4,24.04171105852118,13.843558808912375,0.0,0.0,3.736100437206059,0.0,-4.199999999999989,5.414723319656375
2023-06-17,116.8,113.4,27.4189068129613,2.938744430983664,0.0,0.0,6.415066716321747,0.0,7.200000000000003,3.2730418131573735
2023-06-18,127.1,116.8,21.140700101196753,14.570257719041981,0.0,0.0,3.19371520019446,0.0,14.699999999999989,-1.5155606058308102
2023-06-19,122.1,127.1,19.75928788275171,0.0,0.0,0.0,4.017936567745223,0.0,8.699999999999989,-4.28242317576947
2023-06-20,119.3,122.1,19.490837794739637,0.4739447343010404,0.0,0.0,3.8145438145548187,0.0,2.5,-7.928069018221663
2023-06-21,123.5,119.3,19.84604656314884,20.584233370630844,0.0,0.0,5.390802948927328,0.0,-3.5999999999999943,-1.294653538047914
2023-06-22,115.5,123.5,22.19144051523078,0.0,0.0,0.0,4.110540673598665,0.0,-6.599999999999994,2.4321526324790703
2023-06-23,126.2,115.5,23.570603379384917,0.0,0.0,0.0,4.723039586804826,0.0,6.900000000000006,4.07976558464528
2023-06-24,123.0,126.2,23.496718387479355,0.0,0.0,0.0,5.1255988426046875,0.0,-0.5,3.650671824330516
2023-06-25,108.0,123.0,25.262755584249312,0.0,0.0,0.0,5.3735081344255144,0.0,-7.5,3.0713150690185316
2023-06-26,108.6,108.0,22.929798726969274,3.572755395623842,0.0,0.0,6.851967393513461,0.0,-17.60000000000001,-0.6408046524156426
2023-06-27,103.8,108.6,27.35597739048754,5.2090697265205925,0.0,0.0,5.1795660301796165,0.0,-19.200000000000003,3.8592590030081837
2023-06-28,99.4,103.8,22.3009506705319,0.0,0.0,0.0,4.796441689891655,0.0,-8.599999999999994,-2.961804913717412
2023-06-29,107.2,99.4,31.349909087163446,14.788187670704046,0.0,0.0,8.429966073738337,0.0,-1.3999999999999915,8.420110360194172
2023-06-30,112.5,107.2,25.155790457170422,0.0,0.0,0.0,7.112393946153343,0.0,8.700000000000003,-2.2001869333171165
2023-07-01,101.2,112.5,20.791582493193534,0.0,0.0,0.0,5.0337774632027354,0.0,1.7999999999999972,-1.5093681773383665
2023-07-02,103.4,101.2,20.229499368855976,4.3410470502086556,0.0,0.0,3.238570213041308,0.0,-3.799999999999997,-11.12040971830747
2023-07-03,101.8,103.4,24.96354731592827,8.402952719558206,0.0,0.0,6.680657545629199,0.0,-10.700000000000003,-0.1922431412421517
2023-07-04,98.6,101.8,22.914504514011718,0.0,0.0,0.0,7.851747553867257,0.0,-2.6000000000000085,2.1229220208181836
2023-07-05,98.8,98.6,25.790446368785652,0.0,0.0,0.0,7.5775133462799475,0.0,-4.6000000000000085,5.560946999929676
2023-07-06,89.1,98.8,25.12648016164561,7.283459847132751,0.0,0.0,7.271955555516296,0.0,-12.700000000000003,0.16293284571733935
2023-07-07,91.3,89.1,23.54135605407921,7.32290288879594,0.0,0.0,5.036791978570559,0.0,-7.299999999999997,0.6268515400674914
2023-07-08,88.3,91.3,21.26727451726138,2.6694029713284437,0.0,0.0,4.30381102527749,0.0,-10.5,-4.523171851524271
2023-07-09,82.5,88.3,19.305650084129624,4.36227603471455,0.0,0.0,4.953258007373437,0.0,-6.599999999999994,-5.820830077515986
2023-07-10,92.5,82.5,22.54789359165014,4.477775806700481,0.0,0.0,4.326957046199191,0.0,1.2000000000000028,-0.9934624624290684
2023-07-11,89.2,92.5,26.488581086430973,8.933000916670267,0.0,0.0,8.572095692463325,0.0,0.9000000000000057,5.221306569169592
2023-07-12,83.4,89.2,24.588302291040883,11.229459948727273,0.0,0.0,5.613643267119564,0.0,0.9000000000000057,5.2826522069112585
2023-07-13,84.6,83.4,20.23012328435749,0.0,0.0,0.0,5.228480726750894,0.0,-7.900000000000006,-2.317770307292651
2023-07-14,89.1,84.6,24.502876849393687,13.853858530697844,0.0,0.0,4.190818794205225,0.0,-0.10000000000000853,-1.985704237037286
2023-07-15,78.9,89.1,25.14995181237571,26.144316492196218,0.0,0.0,6.404212256849167,0.0,-4.5,0.5616495213348287
2023-07-16,84.7,78.9,21.34776095548938,0.0,0.0,0.0,4.302332161822738,0.0,0.10000000000000853,1.1176376711318916
2023-07-17,88.8,84.7,24.460508581929364,0.0,0.0,0.0,3.5960102184939378,0.0,-0.29999999999999716,-0.04236826746432243
2023-07-18,84.9,88.8,24.1686258285272,11.452964250099718,0.0,0.0,7.3298353213777165,0.0,6.0,-0.9813259838485102
2023-07-19,73.2,84.9,20.554423178348273,0.0,0.0,0.0,7.127659004750874,0.0,-11.5,-0.7933377771411081
2023-07-20,73.5,73.2,25.040701701538303,5.30825321375399,0.0,0.0,8.475887673613451,0.0,-15.299999999999997,0.5801931196089392
2023-07-21,60.9,73.5,25.628374637754973,0.0,0.0,0.0,8.087079044775432,0.0,-24.000000000000007,1.4597488092277722
2023-07-22,65.2,60.9,27.168538432986384,0.0,0.0,0.0,7.014693948481833,0.0,-8.0,6.6141152546381115
2023-07-23,55.6,65.2,27.048844603955914,2.2621210398958134,0.0,0.0,8.83290882914452,0.0,-17.9,2.0081429024176103
2023-07-24,52.6,55.6,19.717183654315946,0.0,0.0,0.0,6.3202337487028775,0.0,-8.299999999999997,-5.9111909834390275
2023-07-25,50.2,52.6,20.994180551721225,0.0,0.0,0.0,5.668988650599209,0.0,-15.0,-6.174357881265159
2023-07-26,46.5,50.2,25.304948593675807,22.985745675879322,0.0,0.0,5.34586956816986,0.0,-9.100000000000001,-1.7438960102801069
2023-07-27,57.0,46.5,25.248125140661603,4.017554754415533,0.0,0.0,6.28790306531824,0.0,4.399999999999999,5.530941486345657
2023-07-28,65.6,57.0,25.19358794542752,0.0,0.0,0.0,9.339252879618394,0.0,15.399999999999991,4.199407393706295
2023-07-29,64.5,65.6,35.14308734195343,0.0,0.0,0.0,10.243906753743136,0.0,18.0,9.838138748277625
2023-07-30,47.5,64.5,25.228801602278217,3.358440035692762,0.0,0.0,2.3382847082316176,0.0,-9.5,-0.019323538383385852
2023-07-31,49.2,47.5,26.848873783581112,0.0,0.0,0.0,5.323353143807994,0.0,-16.39999999999999,1.655285838153592
2023-08-01,43.1,49.2,26.22506045292199,14.57697457658683,0.0,0.0,7.340875289799748,0.0,-21.4,-8.918026889031442
2023-08-02,42.8,43.1,25.232962167792795,0.0,0.0,0.0,9.231060723041688,0.0,-4.700000000000003,0.004160565514577996
2023-08-03,48.9,42.8,22.24359385347356,11.49686633902137,0.0,0.0,6.1610910621455,0.0,-0.30000000000000426,-4.605279930107553
2023-08-04,53.4,48.9,25.371828831725573,3.974839138179853,0.0,0.0,9.323068629581323,0.0,10.299999999999997,-0.8532316211964179
2023-08-05,51.1,53.4,20.676899515402877,0.0,0.0,0.0,5.301464724387514,0.0,8.300000000000004,-4.556062652389919
2023-08-06,55.4,51.1,22.18033723111553,0.0,0.0,0.0,3.942276546989411,0.0,6.5,-0.06325662235802909
2023-08-07,49.9,55.4,21.32511519365393,0.0,0.0,0.0,5.563369673155611,0.0,-3.5,-4.046713638071644
2023-08-08,54.1,49.9,22.912268407648263,11.087542692012528,0.0,0.0,7.236845663398034,0.0,3.0,2.2353688922453863
2023-08-09,37.0,54.1,29.491123154955517,9.441312401748508,0.0,0.0,9.74116567324328,0.0,-18.4,7.310785923839987
2023-08-10,53.5,37.0,16.82095006569785,0.0,0.0,0.0,3.34616375710552,0.0,3.6000000000000014,-4.504165127956078
2023-08-11,55.8,53.5,24.3522579891687,0.0,0.0,0.0,6.800304253397992,0.0,1.6999999999999957,1.439989581520436
2023-08-12,43.6,55.8,17.321233470047247,6.67596644710835,0.0,0.0,7.157067786684234,0.0,6.600000000000001,-12.16988968490827
2023-08-13,49.0,43.6,20.604700778455875,8.209527743275554,0.0,0.0,4.442992226693032,0.0,-4.5,3.7837507127580245
2023-08-14,48.3,49.0,25.143716240107462,10.076207812709415,0.0,0.0,8.619201041651817,0.0,-7.5,0.7914582509387635
2023-08-15,48.7,48.3,21.921367922285842,0.0,0.0,0.0,3.7135262600311525,0.0,5.100000000000001,4.600134452238596
2023-08-16,49.1,48.7,18.34229624474979,37.2497431659579,0.0,0.0,5.913772379317472,0.0,0.10000000000000142,-2.2624045337060856
2023-08-17,45.5,49.1,19.272006798438163,8.014401513473917,0.0,0.0,4.431355162863656,0.0,-2.799999999999997,-5.871709441669299
2023-08-18,76.0,45.5,23.294529858874988,7.643130900112818,0.0,0.0,7.470306316680387,0.0,27.299999999999997,1.3731619365891454
2023-08-19,64.0,76.0,18.89793479876853,0.0,0.0,0.0,3.8958393214844436,0.0,14.899999999999999,0.5556385540187421
2023-08-20,64.1,64.0,21.567237337886993,13.931166203131097,0.0,0.0,6.625692166945873,0.0,18.599999999999994,2.2952305394488306
2023-08-21,51.2,64.1,20.878983479736885,10.473752684255976,0.0,0.0,4.910715571304579,0.0,-24.799999999999997,-2.415546379138103
2023-08-22,55.1,51.2,18.6075048559316,0.0,0.0,0.0,4.407374173053445,0.0,-8.899999999999999,-0.2904299428369299
2023-08-23,62.8,55.1,26.809860979930544,5.627163603005473,0.0,0.0,8.971515249195493,0.0,-1.2999999999999972,5.242623642043551
2023-08-24,47.2,62.8,22.09124807190349,6.156078267497222,0.0,0.0,5.9034899132850285,0.0,-4.0,1.2122645921666049
2023-08-25,50.3,47.2,13.921320885552461,0.0,0.0,0.0,3.6282542172047036,0.0,-4.800000000000004,-4.68618397037914
2023-08-26,51.9,50.3,20.35922169171115,6.85436790960205,0.0,0.0,5.5833364327881965,0.0,-10.899999999999999,-6.450639288219396
2023-08-27,48.4,51.9,17.61352025900308,0.0,0.0,0.0,4.831533627215507,0.0,1.1999999999999957,-4.477727812900408
2023-08-28,48.5,48.4,21.951170922073167,0.0,0.0,0.0,6.976859313500697,0.0,-1.7999999999999972,8.029850036520706
2023-08-29,47.8,48.5,16.807331073746322,6.081470369714757,0.0,0.0,4.1500989517960605,0.0,-4.100000000000001,-3.551890617964826
2023-08-30,46.9,47.8,18.62779936756881,14.461315665201433,0.0,0.0,4.124486453160551,0.0,-1.5,1.0142791085657272
2023-08-31,49.2,46.9,20.270242045701654,36.82804325648509,0.0,0.0,5.156846609116601,0.0,0.7000000000000028,-1.6809288763715138
2023-09-01,48.6,49.2,21.13203764325407,0.0,0.0,0.0,7.795337039433148,0.0,0.8000000000000043,4.324706569507747
2023-09-02,69.5,48.6,14.70966036807566,0.0,0.0,0.0,3.8747516363925327,0.0,22.6,-3.9181389994931486
2023-09-03,66.0,69.5,17.079175528692723,10.412574009239162,0.0,0.0,3.9148356718222046,0.0,16.799999999999997,-3.191066517008931
2023-09-04,58.1,66.0,16.426392591082013,0.0,0.0,0.0,4.814187465045028,0.0,9.5,-4.705645052172056
2023-09-05,50.7,58.1,15.656278340410765,11.50057881142319,0.0,0.0,4.545207648252769,0.0,-18.799999999999997,0.9466179723351047
2023-09-06,52.3,50.7,22.67422412221557,0.0,0.0,0.0,7.609812663965718,0.0,-13.700000000000003,5.595048593522847
2023-09-07,46.3,52.3,18.351030391607928,5.001134647965928,0.0,0.0,4.1886013866713485,0.0,-11.800000000000004,1.9246378005259146
2023-09-08,50.0,46.3,13.108357390674154,10.55142131191263,0.0,0.0,2.7306799175388132,0.0,-0.7000000000000028,-2.5479209497366107
2023-09-09,57.2,50.0,19.396291848708735,0.0,0.0,0.0,4.854535008390866,0.0,4.900000000000006,-3.277932273506835
2023-09-10,48.9,57.2,22.757717688969002,10.535096697222999,0.0,0.0,6.425975761706082,0.0,2.6000000000000014,4.406687297361074
2023-09-11,45.1,48.9,19.234108818601975,0.0,0.0,0.0,6.149643116664692,0.0,-4.899999999999999,6.1257514279278205
2023-09-12,55.2,45.1,11.321063351262916,6.641822939796507,0.0,0.0,2.6112465343146587,0.0,-2.0,-8.075228497445819
2023-09-13,42.1,55.2,14.166003830458859,0.0,0.0,0.0,3.8430022190702973,0.0,-6.799999999999997,-8.591713858510143
2023-09-14,46.8,42.1,19.15612206635915,0.0,0.0,0.0,7.0159651061287285,0.0,1.6999999999999957,-0.07798675224282547
2023-09-15,48.7,46.8,12.966290588131022,0.0,0.0,0.0,3.534909946808135,0.0,-6.5,1.6452272368681058
2023-09-16,41.6,48.7,16.151974280161753,0.0,0.0,0.0,4.225923259425446,0.0,-0.5,1.9859704497028936
2023-09-17,41.8,41.6,16.873021457494914,0.0,0.0,0.0,3.534087428741462,0.0,-5.0,-2.2831006088642347
2023-09-18,44.7,41.8,11.494397895403633,8.473635802711673,0.0,0.0,2.1708520773449624,0.0,-4.0,-1.4718926927273888
2023-09-19,42.7,44.7,13.82023113769764,0.0,0.0,0.0,3.2598428071294356,0.0,1.1000000000000014,-2.331743142464113
2023-09-20,46.9,42.7,3.9962528622174958,0.0,0.0,0.0,0.0,0.0,5.100000000000001,-12.876768595277419
2023-09-21,42.6,46.9,10.36585201608941,5.226457845410623,0.0,0.0,2.081242875404179,0.0,-2.1000000000000014,-1.128545879314224
2023-09-22,44.1,42.6,12.39806620290654,22.501311321421802,0.0,0.0,2.5065884920587047,0.0,1.3999999999999986,-1.4221649347911
2023-09-23,44.4,44.1,9.127056418905305,0.0,0.0,0.0,1.3736261608770435,0.0,-2.5,5.130803556687809
2023-09-24,58.5,44.4,17.480239334745754,20.3183196758148,0.0,0.0,4.799561829964896,0.0,15.899999999999999,7.114387318656345
2023-09-25,49.6,58.5,8.00323006064021,6.2827256979315,0.0,0.0,1.3797410408844928,0.0,5.5,-4.39483614226633
2023-09-26,59.4,49.6,10.682304560436418,0.0,0.0,0.0,2.921269966612173,0.0,15.0,1.5552481415311128
2023-09-27,53.7,59.4,12.101664926462181,0.0,0.0,0.0,2.655667949743873,0.0,-4.799999999999997,-5.378574408283573
2023-09-28,52.0,53.7,15.73857640464037,0.0,0.0,0.0,4.150567508723692,0.0,2.3999999999999986,7.73534634400016
2023-09-29,45.2,52.0,6.810878917519746,0.0,0.0,0.0,0.5347752652959892,0.0,-14.199999999999996,-3.8714256429166714
2023-09-30,41.2,45.2,14.310148749384027,15.60068414239912,0.0,0.0,5.0391833714770335,0.0,-12.5,2.2084838229218455
2023-10-01,44.9,41.2,10.552120332985513,21.205296111002394,0.0,0.0,1.5104134906172786,0.0,-7.100000000000001,-5.186456071654856
2023-10-02,52.8,44.9,7.276319059123537,0.0,0.0,0.0,1.0619174844761265,0.0,7.599999999999994,0.465440141603791
2023-10-03,64.1,52.8,11.305328569927392,0.0,0.0,0.0,2.2089275056650735,0.0,22.89999999999999,-3.004820179456635
2023-10-04,52.9,64.1,10.213209079071845,8.726230409353413,0.0,0.0,1.7341067379378239,0.0,8.0,-0.3389112539136683
2023-10-05,51.8,52.9,7.511319698361853,0.0,0.0,0.0,0.7384255027975571,0.0,-1.0,0.23500063923831593
2023-10-06,54.4,51.8,9.216335514008207,0.0,0.0,0.0,2.361629164372803,0.0,-9.699999999999996,-2.0889930559191843
2023-10-07,50.3,54.4,7.545056379618467,0.0,0.0,0.0,1.0044942956062777,0.0,-2.6000000000000014,-2.668152699453378
2023-10-08,42.6,50.3,8.734816753369278,9.973642821548793,0.0,0.0,1.4175528425281179,0.0,-9.199999999999996,1.2234970550074253
2023-10-09,44.6,42.6,10.073214816282151,13.588566555715428,0.0,0.0,2.2574234119060885,0.0,-9.799999999999997,0.8568793022739438
2023-10-10,50.1,44.6,12.536812945627755,11.184434064270661,0.0,0.0,2.4777034747478432,0.0,-0.19999999999999574,4.991756566009288
2023-10-11,54.2,50.1,3.7567286194670646,0.0,0.0,0.0,0.0,0.0,11.600000000000001,-4.978088133902213
2023-10-12,48.1,54.2,13.560252214056494,0.0,0.0,0.0,3.2717340404056325,0.0,3.5,3.4870373977743423
2023-10-13,52.2,48.1,0.995521591236276,38.364275685326575,0.0,0.0,0.0,0.0,2.1000000000000014,-11.541291354391479
2023-10-14,56.9,52.2,6.086810202137601,0.0,0.0,0.0,0.5093021685357614,0.0,2.6999999999999957,2.330081582670536
2023-10-15,67.1,56.9,7.9973369488038895,13.472395529615925,0.0,0.0,1.0832811446880135,0.0,18.999999999999993,-5.562915265252604
2023-10-16,57.1,67.1,6.765511913872709,18.91162775801646,0.0,0.0,0.4599925306162733,0.0,4.899999999999999,5.769990322636433
2023-10-17,63.6,57.1,3.744611686686218,18.1153899293657,0.0,0.0,0.0,0.0,6.700000000000003,-2.3421985154513827
2023-10-18,68.0,63.6,4.678632192869043,0.0,0.0,0.0,0.0,0.0,0.9000000000000057,-3.3187047559348466
2023-10-19,74.4,68.0,3.514491374212647,0.0,0.0,0.0,0.0,0.0,17.300000000000004,-3.251020539660062
2023-10-20,55.7,74.4,2.916193391001966,3.417942015383453,0.0,0.0,0.0,0.0,-7.899999999999999,-0.8284182956842518
2023-10-21,57.4,55.7,6.924277310504341,0.0,0.0,0.0,0.6478106666947436,0.0,-10.600000000000001,2.2456451176352985
2023-10-22,54.5,57.4,5.138182217940207,0.0,0.0,0.0,0.06498068625016282,0.0,-19.900000000000006,1.6236908437275597
2023-10-23,48.0,54.5,1.680644464255841,3.2251232372713288,0.0,0.0,0.0,0.0,-7.700000000000003,-1.2355489267461253
2023-10-24,47.3,48.0,6.1510743123929785,0.0,0.0,0.0,0.5593841729932187,0.0,-10.100000000000001,-0.7732029981113628
2023-10-25,50.2,47.3,4.067829630773402,0.0,0.0,0.0,0.0,0.0,-4.299999999999997,-1.0703525871668047
2023-10-26,47.7,50.2,5.2790195289311805,1.5320318240159738,0.0,0.0,0.11230803995621286,0.0,-0.29999999999999716,3.5983750646753396
2023-10-27,38.4,47.7,4.424758050295898,0.0,0.0,0.0,0.0,0.0,-8.899999999999999,-1.7263162620970807
2023-10-28,46.3,38.4,-0.2546486601010969,0.0,0.07639459803032907,0.0,0.0,0.0,-3.9000000000000057,-4.322478290874499
2023-10-29,41.9,46.3,0.2493745402599068,0.0,0.0,0.07639459803032907,0.0,0.0,-5.800000000000004,-5.029644988671274
2023-10-30,41.8,41.9,3.8705858176429415,0.0,0.0,0.0,0.0,0.0,3.3999999999999986,-0.5541722326529563
2023-10-31,41.3,41.8,3.1598984490440047,0.0,0.0,0.0,0.0,0.0,-5.0,3.4145471091451016
2023-11-01,40.1,41.3,0.9675497023531168,29.954960927145212,0.0,0.0,0.0,0.0,-1.7999999999999972,0.71817516209321
2023-11-02,45.3,40.1,1.0851761085260834,10.210899874945891,0.0,0.0,0.0,0.0,3.5,-2.785409709116858
2023-11-03,58.0,45.3,4.270688788616225,0.0,0.0,0.0,0.0,0.0,16.700000000000003,1.1107903395722198
2023-11-04,54.5,58.0,-1.6308716913231214,0.0,0.4892615073969364,0.0,0.0,0.0,14.399999999999999,-2.5984213936762384
2023-11-05,51.8,54.5,1.4930182984887057,15.574685047906621,0.0,0.4892615073969364,0.0,0.0,6.5,0.40784218996262234
2023-11-06,50.1,51.8,-1.0451462562979401,0.0,0.313543876889382,0.0,0.0,0.0,-7.899999999999999,-5.315835044914165
2023-11-07,60.8,50.1,-1.3799984759101074,0.0,0.7275434196624142,0.0,0.0,0.0,6.299999999999997,0.250873215413014
2023-11-08,53.7,60.8,2.2829824644073913,0.0,0.0,0.7275434196624142,0.0,0.0,1.9000000000000057,0.7899641659186856
2023-11-09,44.5,53.7,1.1785859364841382,14.343427735420823,0.0,0.0,0.0,0.0,-5.600000000000001,2.2237321927820783
2023-11-10,55.5,44.5,0.8607132336723109,0.0,0.0,0.0,0.0,0.0,-5.299999999999997,2.2407117095824183
2023-11-11,53.5,55.5,2.056714246253839,7.926607776098734,0.0,0.0,0.0,0.0,-0.20000000000000284,-0.22626821815355225
2023-11-12,53.8,53.5,-2.074288145883189,0.6309584246374041,0.6222864437649568,0.0,0.0,0.0,9.299999999999997,-3.2528740823673274
2023-11-13,50.3,53.8,-0.3666069949591457,0.9033262232205839,0.7322685422527005,0.0,0.0,0.0,-5.200000000000003,-1.2273202286314566
2023-11-14,50.1,50.3,-3.615939621482285,0.0,1.817050428697386,0.0,0.0,0.0,-3.3999999999999986,-5.672653867736124
2023-11-15,49.5,50.1,-1.982740142863919,0.0,2.4118724715565616,0.0,0.0,0.0,-4.299999999999997,0.09154800301927013
2023-11-16,49.2,49.5,-3.6131145814146777,1.9980241454175993,3.495806845980965,0.0,0.0,0.0,-1.0999999999999943,-3.246507586455532
2023-11-17,47.2,49.2,-3.1964108605845483,0.0,4.454730104156329,0.0,0.0,0.0,-2.8999999999999986,0.41952876089773694
2023-11-18,46.8,47.2,-1.9638296954969203,12.519512638520137,5.043879012805405,0.0,0.0,0.0,-2.700000000000003,0.01891044736699876
2023-11-19,41.1,46.8,-6.46297590952722,0.0,6.982771785663571,0.0,0.0,0.0,-8.100000000000001,-2.8498613281125422
2023-11-20,48.3,41.1,2.0128005586042192,11.339478990386917,0.0,6.982771785663571,0.0,0.0,1.0999999999999943,5.209211419188767
2023-11-21,48.7,48.3,-7.5354192698097355,3.0179178595720297,2.2606257809429207,0.0,0.0,0.0,1.9000000000000057,-5.571589574312815
2023-11-22,55.7,48.7,-8.409822297669681,2.7105813411020305,4.783572470243825,0.0,0.0,0.0,14.600000000000001,-1.9468463881424611
2023-11-23,49.3,55.7,-1.5396226023368316,0.0,5.245459250944874,0.0,0.0,0.0,1.0,-3.552423160941051
2023-11-24,53.0,49.3,-2.8824022318456146,0.0,6.110179920498559,0.0,0.0,0.0,4.299999999999997,4.653017037964121
2023-11-25,52.0,53.0,-3.625130145771018,0.0,7.197718964229864,0.0,0.0,0.0,-3.700000000000003,4.784692151898663
2023-11-26,40.6,52.0,-3.849145398023984,0.0,8.35246258363706,0.0,0.0,0.0,-8.699999999999996,-2.3095227956871525
2023-11-27,39.7,40.6,-6.004137481897903,3.3773303293416195,10.15370382820643,0.0,0.0,0.0,-13.299999999999997,-3.1217352500522884
2023-11-28,41.5,39.7,-8.88882931729789,4.910099443729354,12.820352623395797,0.0,0.0,0.0,-10.5,-5.263699171526873
2023-11-29,44.7,41.5,-6.195707313792317,0.0,14.679064817533492,0.0,0.0,0.0,4.100000000000001,-2.346561915768333
2023-11-30,43.3,44.7,-8.676979669581154,0.0,17.28215871840784,0.0,0.0,0.0,3.5999999999999943,-2.6728421876832513
2023-12-01,49.2,43.3,-3.938761748520041,0.3883589411890788,18.46378724296385,0.0,0.0,0.0,7.700000000000003,4.9500675687778495
2023-12-02,44.3,49.2,-7.520107590340588,7.669928676482553,20.719819520066025,0.0,0.0,0.0,-0.4000000000000057,-1.3244002765482712
2023-12-03,42.2,44.3,-9.766365962433449,3.625195320184319,23.64972930879606,0.0,0.0,0.0,-1.0999999999999943,-1.0893862928522946
2023-12-04,40.3,42.2,-8.461032746641203,0.0,26.188039132788422,0.0,0.0,0.0,-8.900000000000006,-4.522270998121162
2023-12-05,41.2,40.3,-6.461082293067063,3.48932166161892,28.12636382070854,0.0,0.0,0.0,-3.0999999999999943,1.059025297273525
2023-12-06,45.6,41.2,-9.58999217939688,0.0,31.003361474527605,0.0,0.0,0.0,3.3999999999999986,0.1763737830365688
2023-12-07,36.7,45.6,-10.560303052886418,0.0,34.17145239039353,0.0,0.0,0.0,-3.5999999999999943,-2.0992703062452147
2023-12-08,47.7,36.7,-7.553227326662912,0.0,36.437420588392406,0.0,0.0,0.0,6.5,-1.0921450335958491
2023-12-09,41.9,47.7,-7.735803599664607,0.0,38.75816166829179,0.0,0.0,0.0,-3.700000000000003,1.8541885797322735
2023-12-10,54.8,41.9,-10.173659209261306,0.0,41.810259431070186,0.0,0.0,0.0,18.099999999999994,0.3866438436251123
2023-12-11,50.5,54.8,-10.243729020490933,0.0,44.88337813721746,0.0,0.0,0.0,2.799999999999997,-2.690501693828021
2023-12-12,40.2,50.5,-8.307854081021343,0.0,47.37573436152387,0.0,0.0,0.0,-1.6999999999999957,-0.5720504813567366
2023-12-13,40.2,40.2,-13.51720069687807,0.0,51.43089457058729,0.0,0.0,0.0,-14.599999999999994,-3.343541487616765
2023-12-14,44.4,40.2,-13.559786702953232,0.0,55.498830581473264,0.0,0.0,0.0,-6.100000000000001,-3.316057682462299
2023-12-15,47.1,44.4,-11.65263094975921,0.0,58.994619866401024,0.0,0.0,0.0,6.899999999999999,-3.344776868737867
2023-12-16,33.7,47.1,-10.292950463374538,0.0,62.08250500541339,0.0,0.0,0.0,-6.5,3.2242502335035326
2023-12-17,33.0,33.7,-8.870558827821974,0.0,64.74367265375999,0.0,0.0,0.0,-11.399999999999999,4.689227875131259
2023-12-18,37.6,33.0,-5.523202536765826,0.0,66.40063341478974,0.0,0.0,0.0,-9.5,6.129428412993384
2023-12-19,42.4,37.6,-7.517555867740568,0.0,68.65590017511191,0.0,0.0,0.0,8.699999999999996,2.77539459563397
2023-12-20,42.0,42.4,-10.70684590426419,0.0,71.86795394639117,0.0,0.0,0.0,9.0,-1.8362870764422166
2023-12-21,44.3,42.0,-10.415766095819116,0.0,74.9926837751369,0.0,0.0,0.0,6.699999999999996,-4.89256355905329
2023-12-22,35.2,44.3,-13.49314528272459,0.0,79.04062735995427,0.0,0.0,0.0,-7.199999999999996,-5.9755894149840225
2023-12-23,30.8,35.2,-10.663051287105946,0.0,82.23954274608606,0.0,0.0,0.0,-11.2,0.04379461715824462
2023-12-24,43.4,30.8,-11.590521322017555,1.6502661368944618,85.71669914269133,0.0,0.0,0.0,-0.8999999999999986,-1.1747552261984389
2023-12-25,36.7,43.4,-9.868467406622395,0.0,88.67723936467804,0.0,0.0,0.0,1.5,3.6246778761021954
2023-12-26,32.9,36.7,-13.425404545888213,0.0,92.70486072844452,0.0,0.0,0.0,2.099999999999998,-2.7623532587822677
2023-12-27,41.3,32.9,-9.487740012645833,0.0,95.55118273223826,0.0,0.0,0.0,-2.1000000000000014,2.1027813093717214
2023-12-28,43.7,41.3,-6.544579624139419,3.4741495946158296,97.51455661948009,0.0,0.0,0.0,7.0,3.3238877824829762
2023-12-29,39.9,43.7,-11.561013835761274,1.940194345806304,100.98286077020848,0.0,0.0,0.0,7.0,1.8643907101269388
2023-12-30,40.5,39.9,-10.116428227877854,0.0,104.01778923857184,0.0,0.0,0.0,-0.7999999999999972,-0.628688215232021
2023-12-31,42.2,40.5,-9.332828669761653,0.0,106.81763783950034,0.0,0.0,0.0,-1.5,-2.7882490456222344
2024-01-01,42.9,42.2,-12.683462349550618,0.0,110.62267654436552,0.0,0.0,0.0,3.0,-1.1224485137893438
2024-01-02,40.1,42.9,-10.878884135198257,0.0,113.886341784925,0.0,0.0,0.0,-0.3999999999999986,-0.7624559073204029
2024-01-03,43.4,40.1,-11.579544237059089,0.0,117.36020505604272,0.0,0.0,0.0,1.1999999999999957,-2.2467155672974357
2024-01-04,48.8,43.4,-11.385232609977516,0.0,120.77577483903598,0.0,0.0,0.0,5.899999999999999,1.2982297395731024
2024-01-05,48.4,48.8,-14.05299127317549,1.1384245504786146,124.99167222098862,0.0,0.0,0.0,8.299999999999997,-3.1741071379772325
2024-01-06,48.1,48.4,-11.71087745916973,4.185401624450491,128.50493545873954,0.0,0.0,0.0,4.700000000000003,-0.1313332221106407
2024-01-07,44.3,48.1,-10.33558926464366,0.0,131.60561223813264,0.0,0.0,0.0,-4.5,1.0496433453338554
2024-01-08,50.0,44.3,-7.516046180854197,0.0,133.8604260923889,0.0,0.0,0.0,1.6000000000000014,6.536945092321293
2024-01-09,41.2,50.0,-9.026262280151759,0.0,136.56830477643445,0.0,0.0,0.0,-6.899999999999999,2.684615179017971
2024-01-10,50.0,41.2,-5.473819776288273,2.8226447703345827,138.21045070932092,0.0,0.0,0.0,5.700000000000003,4.861769488355387
2024-01-11,54.6,50.0,-14.25938818418269,0.0,142.48826716457572,0.0,0.0,0.0,4.600000000000001,-6.743342003328493
2024-01-12,44.4,54.6,-9.359040783030535,0.0,145.29597939948488,0.0,0.0,0.0,3.1999999999999957,-0.3327785028787762
2024-01-13,47.3,44.4,-11.439307196099632,0.0,148.72777155831477,0.0,0.0,0.0,-2.700000000000003,-5.9654874198113585
2024-01-14,50.5,47.3,-5.427924306111075,0.0,150.3561488501481,0.0,0.0,0.0,-4.100000000000001,8.831463878071615
2024-01-15,53.8,50.5,-14.424894856065453,0.36939557858966665,154.68361730696773,0.0,0.0,0.0,9.399999999999999,-5.065854073034918
2024-01-16,46.8,53.8,-14.51649863230642,0.0,159.03856689665966,0.0,0.0,0.0,-0.5,-3.077191436206787
2024-01-17,45.8,46.8,-13.787511149646754,0.0,163.17482024155368,0.0,0.0,0.0,-4.700000000000003,-8.359586843535679
2024-01-18,40.6,45.8,-18.34768986612199,0.0,168.67912720139026,0.0,0.0,0.0,-13.199999999999996,-3.922795010056536
2024-01-19,48.7,40.6,-13.534610560560825,0.0,172.7395103695585,0.0,0.0,0.0,1.9000000000000057,0.981888071745594
2024-01-20,56.4,48.7,-14.210765133484035,0.0,177.00273990960372,0.0,0.0,0.0,10.600000000000001,-0.42325398383728086
2024-01-21,49.3,56.4,-11.452893398978755,1.5089768723488033,180.43860792929735,0.0,0.0,0.0,8.699999999999996,6.894796467143234
2024-01-22,48.0,49.3,-10.844209076907843,0.0,183.6918706523697,0.0,0.0,0.0,-0.7000000000000028,2.690401483652982
2024-01-23,50.3,48.0,-6.2010716207323515,0.0,185.5521921385894,0.0,0.0,0.0,-6.100000000000001,8.009693512751683
2024-01-24,48.6,50.3,-8.933136467388406,0.0,188.2321330788059,0.0,0.0,0.0,-0.6999999999999957,2.519756931590349
2024-01-25,45.2,48.6,-13.464672888596299,0.0,192.2715349453848,0.0,0.0,0.0,-2.799999999999997,-2.620463811688456
2024-01-26,51.6,45.2,-14.373504919669085,0.5628126626990795,196.5835864212855,0.0,0.0,0.0,1.3000000000000043,-8.172433298936733
2024-01-27,49.1,51.6,-10.141563924884958,3.663069623619426,199.62605559875098,0.0,0.0,0.0,0.5,-1.2084274574965512
2024-01-28,48.6,49.1,-15.511861201691435,2.090263156904548,204.2796139592584,0.0,0.0,0.0,3.3999999999999986,-2.047188313095136
2024-01-29,46.6,48.6,-5.985424636330048,0.0,206.07524135015743,0.0,0.0,0.0,-5.0,8.388080283339036
2024-01-30,56.3,46.6,-7.864940282731134,2.842727857921894,208.43472343497677,0.0,0.0,0.0,7.199999999999996,2.2766236421538233
2024-01-31,52.8,56.3,-12.72909035048879,0.18164370253951212,212.25345054012342,0.0,0.0,0.0,4.199999999999996,2.7827708512026454
2024-02-01,49.0,52.8,-16.37413697766334,3.070114681597469,217.16569163342243,0.0,0.0,0.0,2.3999999999999986,-10.388712341333292
2024-02-02,54.4,49.0,-7.081179240650913,4.980001333412296,219.2900454056177,0.0,0.0,0.0,-1.8999999999999986,0.7837610420802212
2024-02-03,49.5,54.4,-11.389399091127212,0.0,222.70686513295584,0.0,0.0,0.0,-3.299999999999997,1.3396912593615777
2024-02-04,50.3,49.5,-7.230262779310864,3.386822622111013,224.8759439667491,0.0,0.0,0.0,1.2999999999999972,9.143874198352478
2024-02-05,48.8,50.3,-15.61990606401977,0.0,229.56191578595502,0.0,0.0,0.0,-5.600000000000001,-8.538726823368856
2024-02-06,45.6,48.8,-12.522670474118458,0.0,233.31871692819055,0.0,0.0,0.0,-3.8999999999999986,-1.1332713829912464
2024-02-07,53.2,45.6,-10.591780779974226,0.0,236.49625116218283,0.0,0.0,0.0,2.9000000000000057,-3.361518000663362
2024-02-08,43.0,53.2,-10.344615407516942,0.0,239.5996357844379,0.0,0.0,0.0,-5.799999999999997,5.275290656502827
2024-02-09,44.7,43.0,-11.708913886548784,0.3514717200021174,243.11230995040253,0.0,0.0,0.0,-0.8999999999999986,0.8137565875696744
2024-02-10,40.8,44.7,-8.358480517331417,0.0,245.61985410560195,0.0,0.0,0.0,-12.400000000000006,2.2333002626428087
2024-02-11,48.7,40.8,-13.29339602549441,0.0,249.60787291325028,0.0,0.0,0.0,5.700000000000003,-2.9487806179774676
2024-02-12,48.1,48.7,-10.376409642678365,0.0,252.7207958060538,0.0,0.0,0.0,3.3999999999999986,1.332504243870419
2024-02-13,47.2,48.1,-9.44239462948029,1.9498018756139883,255.55351419489787,0.0,0.0,0.0,6.400000000000006,-1.0839141121488733
2024-02-14,44.2,47.2,-8.10929250606275,0.737249394154828,257.9863019467167,0.0,0.0,0.0,-4.5,5.184103519431659
2024-02-15,44.7,44.2,-7.362453651735229,0.0,260.1950380422373,0.0,0.0,0.0,-3.3999999999999986,3.0139559909431357
2024-02-16,51.3,44.7,-12.711321655337175,0.0,264.00843453883846,0.0,0.0,0.0,4.099999999999994,-3.2689270258568843
2024-02-17,46.8,51.3,-13.775290184592958,0.05143529580124074,268.14102159421634,0.0,0.0,0.0,2.5999999999999943,-5.665997678530207
2024-02-18,50.0,46.8,-5.17097342739873,0.8776551954986118,269.69231362243596,0.0,0.0,0.0,5.299999999999997,2.191480224336499
2024-02-19,45.0,50.0,-7.8336720676972,1.0567967760730517,272.0424152427451,0.0,0.0,0.0,-6.299999999999997,4.877649587639975
2024-02-20,49.6,45.0,-10.89828929281758,0.0,275.3119020305904,0.0,0.0,0.0,2.8000000000000043,2.8770008917753778
2024-02-21,54.5,49.6,-3.8172473864232153,0.0,276.4570762465173,0.0,0.0,0.0,4.5,1.3537260409755145
2024-02-22,51.2,54.5,-7.937265058260078,0.4380428547650721,278.83825576399533,0.0,0.0,0.0,6.200000000000003,-0.10359299056287785
2024-02-23,47.0,51.2,-4.555750313995653,0.0,280.204980858194,0.0,0.0,0.0,-2.6000000000000014,6.342538978821927
2024-02-24,49.7,47.0,-7.69626307675463,0.0,282.5138597812204,0.0,0.0,0.0,-4.799999999999997,-3.879015690331415
2024-02-25,47.5,49.7,-1.5176328812479838,2.2521627657686745,282.96914964559477,0.0,0.0,0.0,-3.700000000000003,6.419632177012094
2024-02-26,48.4,47.5,-2.2308526943526212,0.0,283.63840545390053,0.0,0.0,0.0,1.3999999999999986,2.324897619643032
2024-02-27,48.3,48.4,-8.036766817493138,0.0,286.0494354991485,0.0,0.0,0.0,-1.4000000000000057,-0.34050374073850787
2024-02-28,48.5,48.3,-4.164222592971115,0.0,287.2987022770398,0.0,0.0,0.0,1.0,-2.6465897117231316
2024-02-29,49.6,48.5,-4.927993100017853,0.0,288.7771002070452,0.0,0.0,0.0,1.2000000000000028,-2.697140405665232
2024-03-01,44.6,49.6,-2.5395998624477816,1.0066199566342484,289.5389801657795,0.0,0.0,0.0,-3.6999999999999957,5.497166955045357
2024-03-02,44.3,44.6,-9.317891370113808,0.0,292.3343475768136,0.0,0.0,0.0,-4.200000000000003,-5.153668777142692
2024-03-03,43.3,44.3,-4.138911822845082,0.0,293.57602112366715,0.0,0.0,0.0,-6.300000000000004,0.7890812771727713
2024-03-04,42.2,43.3,-2.792123702808394,0.6276915473316315,294.4136582345097,0.0,0.0,0.0,-2.3999999999999986,-0.25252384036061226
2024-03-05,43.6,42.2,-11.01040038508617,0.0,297.71677835003555,0.0,0.0,0.0,-0.6999999999999957,-1.6925090149723623
2024-03-06,49.3,43.6,-9.047265134924814,0.0,300.430957890513,0.0,0.0,0.0,6.0,-4.908353312079732
2024-03-07,44.9,49.3,-11.375086847014735,0.0,303.84348394461745,0.0,0.0,0.0,2.6999999999999957,-8.582963144206342
2024-03-08,50.4,44.9,-5.822175726170711,0.0,305.59013666246864,0.0,0.0,0.0,6.799999999999997,5.188224658915459
2024-03-09,48.4,50.4,-2.6146296919186094,0.8371330286498585,306.3745255700442,0.0,0.0,0.0,-0.8999999999999986,6.4326354430062045
2024-03-10,40.3,48.4,-0.010295969022546814,0.35829408259066975,306.377614360751,0.0,0.0,0.0,-4.600000000000001,11.364790877992188
2024-03-11,51.2,40.3,-4.0420769271928405,4.726230498572579,307.59023743890884,0.0,0.0,0.0,0.8000000000000043,1.7800987989778703
2024-03-12,53.2,51.2,0.8775327768870724,1.507216715240842,301.2739382735782,6.316299165330609,0.0,0.0,4.800000000000004,3.492162468805682
2024-03-13,48.2,53.2,-7.889605146452339,0.0,303.6408198175139,0.0,0.0,0.0,7.900000000000006,-7.879309177429792
2024-03-14,53.5,48.2,-8.597546073628166,0.0,306.2200836396023,0.0,0.0,0.0,2.299999999999997,-4.555469146435326
2024-03-15,47.3,53.5,-3.3893285150014836,0.0,307.23688219410275,0.0,0.0,0.0,-5.900000000000006,-4.2668612918885565
2024-03-16,50.3,47.3,-1.8030428535113305,0.0,307.77779505015616,0.0,0.0,0.0,2.0999999999999943,6.086562292941008
2024-03-17,44.3,50.3,-2.783223595984212,0.0,308.61276212895143,0.0,0.0,0.0,-9.200000000000003,5.8143224776439535
2024-03-18,41.8,44.3,-8.614792208963669,0.0,311.1971997916405,0.0,0.0,0.0,-5.5,-5.225463693962185
2024-03-19,47.2,41.8,-2.4046597893198443,0.0,311.91859772843645,0.0,0.0,0.0,-3.0999999999999943,-0.6016169358085137
2024-03-20,48.1,47.2,-5.773130676723712,0.0,313.6505369314536,0.0,0.0,0.0,3.8000000000000043,-2.9899070807394996
2024-03-21,48.1,48.1,0.4292019721605027,0.0,308.0067339732128,5.643802958240754,0.0,0.0,6.300000000000004,9.043994181124171
2024-03-22,44.6,48.1,-0.19786837218940745,0.0,308.06609448486967,0.0,0.0,0.0,-2.6000000000000014,2.206791417130437
2024-03-23,47.5,44.6,-3.8329874505362493,0.0,309.21599072003056,0.0,0.0,0.0,-0.6000000000000014,1.9401432261874625
2024-03-24,50.1,47.5,-2.2685556182385236,0.0,309.8965574055021,0.0,0.0,0.0,2.0,-2.6977575903990263
2024-03-25,48.9,50.1,-3.616208864663113,0.0,310.98142006490104,0.0,0.0,0.0,4.299999999999997,-3.4183404924737055
2024-03-26,49.9,48.9,-0.33631113684091657,0.0,311.0823134059533,0.0,0.0,0.0,2.3999999999999986,3.4966763136953327
2024-03-27,48.7,49.9,3.0092694366880726,1.8197333239035645,301.5684092509212,9.513904155032108,0.0,0.0,-1.3999999999999986,5.277825054926597
2024-03-28,55.7,48.7,-2.519484037755685,1.0003330094131142,302.3242544622479,0.0,0.0,0.0,6.800000000000004,1.096724826907428
2024-03-29,49.1,55.7,2.245333505153263,0.4036091307094849,293.956254204518,8.368000257729895,0.0,0.0,-0.7999999999999972,2.5816446419941794
2024-03-30,55.7,49.1,-0.5605183708717612,0.0,294.12440971577956,0.0,0.0,0.0,7.0,-3.569787807559834
2024-03-31,58.3,55.7,-1.0498308440434299,0.0,294.43935896899256,0.0,0.0,0.0,2.5999999999999943,1.4696531937122552
2024-04-01,56.9,58.3,1.3076139224094852,0.0,287.47793808537836,6.9614208836142275,0.0,0.0,7.799999999999997,-0.9377195827437776
2024-04-02,54.0,56.9,-1.1758093064073112,0.0,287.83068087730055,0.0,0.0,0.0,-1.7000000000000028,-0.61529093553555
2024-04-03,54.2,54.0,0.5713884566235816,0.0,281.97359819236516,5.8570826849353725,0.0,0.0,-4.099999999999994,1.6212193006670115
2024-04-04,60.6,54.2,-1.0577621532414851,0.0,282.2909268383376,0.0,0.0,0.0,3.700000000000003,-2.3653760756509703
2024-04-05,55.2,60.6,8.73460857116346,2.3427223547707445,264.18901398159244,18.101912856745187,0.31697832600506803,0.0,1.2000000000000028,9.91041787757077
2024-04-06,58.9,55.2,3.2517217240587604,0.0,254.3114313955043,9.87758258608814,0.0,0.0,4.699999999999996,2.680333267435179
2024-04-07,63.9,58.9,1.3530981621154692,0.0,247.28178415233108,7.029647243173204,0.0,0.0,3.299999999999997,2.4108603153569543
2024-04-08,72.5,63.9,4.401312982240461,1.7937809151328086,235.6798146789704,11.601969473360692,0.0,0.0,17.299999999999997,-4.333295588922998
2024-04-09,75.1,72.5,3.730151610972575,0.0,225.08458726251152,10.595227416458862,0.0,14.0,16.199999999999996,0.4784298869138146
2024-04-10,71.5,75.1,3.7125622208415896,0.0,214.51574393124912,10.568843331262386,0.0,0.0,7.600000000000001,2.3594640587261204
2024-04-11,75.9,71.5,6.526787761964876,3.60628548628532,199.7255622883018,14.790181642947314,0.13479449271699082,0.0,3.4000000000000057,2.1254747797244145
2024-04-12,77.0,75.9,7.266017308331053,2.043776662536475,183.82653632580522,15.89902596249658,0.1357812988239768,0.0,1.9000000000000057,3.535865697358478
2024-04-13,80.0,77.0,3.711495501109278,0.0,173.2592930741413,10.567243251663918,0.0,0.0,8.5,-0.0010667197323117605
2024-04-14,89.1,80.0,3.8852555242139597,2.534639476234374,162.43140978782037,10.82788328632094,0.0,0.0,13.199999999999989,-2.641532237750916
2024-04-15,83.8,89.1,5.097381219212671,5.905131708383648,149.78533795900137,12.646071828819007,0.0066843296396268456,8.5,6.799999999999997,-2.1686360891183822
2024-04-16,95.8,83.8,-0.6733781648565955,0.0,149.98735140845835,0.0,0.0,0.0,15.799999999999997,-4.384873665965873
2024-04-17,97.3,95.8,1.9965923006486888,3.775871031622024,141.99246295748532,7.994888450973033,0.0,0.0,8.200000000000003,-1.888663223565271
2024-04-18,101.4,97.3,10.952407792137347,0.0,121.99246295748532,20.0,0.4888951724351891,0.0,17.60000000000001,5.855026572924676
2024-04-19,100.4,101.4,12.096055230591542,2.9026324660278027,101.99246295748532,20.0,0.5419485399189423,0.0,4.6000000000000085,12.769433395448138
2024-04-20,102.9,100.4,6.723066997278468,0.0,86.90786246156762,15.084600495917703,0.10988720345806675,0.0,5.6000000000000085,4.726474696629779
2024-04-21,102.0,102.9,9.508433386358984,0.0,67.64521238202914,19.262650079538474,0.3396648017764702,0.0,0.5999999999999943,-1.4439744057783628
2024-04-22,107.6,102.0,9.020573256349616,0.0,49.11435249750472,18.530859884524425,0.24248794918063163,0.0,7.199999999999989,-3.075481974241926
2024-04-23,114.0,107.6,17.630907142981236,1.8703260877214267,29.11435249750472,20.0,1.2369471830243883,0.0,11.099999999999994,10.907840145702767
2024-04-24,119.7,114.0,12.059721904507477,4.860295328241941,9.114352497504719,20.0,0.2196927671377952,0.0,17.700000000000003,2.5512885181484926
2024-04-25,111.3,119.7,8.623176484595847,2.117822089474633,0.0,9.114352497504719,0.912838154283695,0.0,3.700000000000003,-0.397396771753769
2024-04-26,115.7,111.3,6.445349008036963,2.8154253539972576,0.0,0.0,0.2076811684744099,0.0,1.7000000000000028,-11.185558134944273
2024-04-27,116.6,115.7,4.796691031578713,4.965473805203162,0.0,0.0,0.0,0.0,-3.1000000000000085,-7.263030872928764
2024-04-28,112.6,116.6,10.52940905473924,4.574394895491034,0.0,0.0,1.206825189449053,0.0,1.2999999999999972,1.906232570143393
2024-04-29,123.1,112.6,7.951792776414467,0.0,0.0,0.0,0.8531095729259931,0.0,7.3999999999999915,1.5064437683775038
2024-04-30,120.0,123.1,6.254660021133726,0.0,0.0,0.0,0.24003925434209322,0.0,3.4000000000000057,1.4579689895550132
2024-05-01,121.2,120.0,8.880938840191556,4.808212449359245,0.0,0.0,1.2485314308420299,0.0,8.600000000000009,-1.6484702145476842
2024-05-02,120.1,121.2,7.873821360214876,0.0,0.0,0.0,0.560051316391601,0.0,-3.0,-0.07797141619959103
2024-05-03,121.8,120.1,16.47618144265971,0.0,0.0,0.0,3.7146121986287364,0.0,1.7999999999999972,10.221521421525981
2024-05-04,124.6,121.8,14.354362465452262,0.0,0.0,0.0,2.159065269622916,0.0,3.3999999999999915,5.473423625260706
2024-05-05,123.9,124.6,11.97852009657751,3.590855787503398,0.0,0.0,1.8056583023109047,0.0,3.8000000000000114,4.104698736362634
2024-05-06,123.6,123.9,16.73348661119219,5.562884409400013,0.0,0.0,2.7907474643192796,0.0,1.7999999999999972,0.25730516853248275
2024-05-07,124.9,123.6,12.815110345893695,1.792992739766921,0.0,0.0,2.5039655529445017,0.0,0.30000000000001137,-1.539252119558567
2024-05-08,132.4,124.9,10.286553360815066,0.0,0.0,0.0,1.6413412379287733,0.0,8.5,-1.6919667357624437
2024-05-09,137.9,132.4,17.72514288889498,0.0,0.0,0.0,3.5327361977295717,0.0,14.300000000000011,0.9916562777027877
2024-05-10,131.2,137.9,15.055745071146251,0.0,0.0,0.0,1.9734873567654945,0.0,6.299999999999983,2.2406347252525567
2024-05-11,134.3,131.2,10.608316419445332,0.8112029289475572,0.0,0.0,1.2256071739389989,0.0,1.9000000000000057,0.3217630586302658
2024-05-12,124.6,134.3,13.427791171632213,0.0,0.0,0.0,1.7069867125547733,0.0,-13.300000000000011,-4.2973517172627655
2024-05-13,131.4,124.6,11.6483345499836,5.467033764887535,0.0,0.0,0.9330586028402472,0.0,0.20000000000001705,-3.4074105211626513
2024-05-14,126.3,131.4,10.40072010431389,0.0,0.0,0.0,1.7245969541604678,0.0,-8.000000000000014,-0.2075963151314415
2024-05-15,128.1,126.3,17.59904863831799,0.0,0.0,0.0,3.002113910559083,0.0,3.5,4.171257466685775
2024-05-16,130.0,128.1,20.81754890639776,0.0,0.0,0.0,3.760413584561022,0.0,-1.4000000000000057,9.16921435641416
2024-05-17,137.2,130.0,11.159685897341856,3.943810831867982,0.0,0.0,2.04071141506104,0.0,10.899999999999991,0.758965793027965
2024-05-18,135.8,137.2,17.307613759129328,0.0,0.0,0.0,2.8396690311100996,0.0,7.700000000000017,-0.2914348791886603
2024-05-19,135.2,135.8,13.92724554175946,0.0,0.0,0.0,1.8937900020560503,0.0,5.199999999999989,-6.890303364638301
2024-05-20,127.2,135.2,14.675336885654447,1.4768345049266753,0.0,0.0,2.35631193664693,0.0,-9.999999999999986,3.5156509883125917
2024-05-21,132.0,127.2,14.614067325214483,3.8993431504730305,0.0,0.0,1.896219785311195,0.0,-3.8000000000000114,-2.693546433914845
2024-05-22,134.5,132.0,14.050733698504956,0.0,0.0,0.0,2.4668873837525886,0.0,-0.6999999999999886,0.12348815674549662
2024-05-23,135.8,134.5,17.03657413751376,1.8690514324416225,0.0,0.0,2.8399482283883977,0.0,8.600000000000009,2.361237251859313
2024-05-24,126.6,135.8,14.643234909491945,0.0,0.0,0.0,2.209546295783947,0.0,-5.400000000000006,0.029167584277461245
2024-05-25,130.8,126.6,18.189231878711794,0.0,0.0,0.0,2.963764669958318,0.0,-3.6999999999999886,4.138498180206838
2024-05-26,133.2,130.8,17.465551709784492,2.1185317915655952,0.0,0.0,3.11118610026196,0.0,-2.6000000000000227,0.42897757227073186
2024-05-27,135.0,133.2,17.13438438396565,0.0,0.0,0.0,3.145930613270302,0.0,8.400000000000006,2.491149474473705
2024-05-28,124.9,135.0,15.359988250090769,7.839486382175496,0.0,0.0,2.367063277654813,0.0,-5.900000000000006,-2.8292436286210254
2024-05-29,132.4,124.9,16.58023559753799,2.6092779005969104,0.0,0.0,2.7410757800901813,0.0,-0.799999999999983,-0.8853161122465032
2024-05-30,137.8,132.4,20.800945738220967,0.0,0.0,0.0,3.963546137333402,0.0,2.8000000000000114,3.666561354255318
2024-05-31,140.4,137.8,20.258031771633416,13.351864316367925,0.0,0.0,3.7488476746695167,0.0,15.5,4.898043521542647
2024-06-01,138.1,140.4,16.039342957573844,0.0,0.0,0.0,3.332386382636442,0.0,5.699999999999989,-0.5408926399641452
2024-06-02,144.4,138.1,19.482890205332097,0.0,0.0,0.0,3.756858124683937,0.0,6.599999999999994,-1.3180555328888701
2024-06-03,135.5,144.4,21.648032287799857,0.0,0.0,0.0,5.9978793975739135,0.0,-4.900000000000006,1.3900005161664417
2024-06-04,128.9,135.5,14.590663809944129,8.903616628397888,0.0,0.0,2.932917932795097,0.0,-9.199999999999989,-1.448679147629715
2024-06-05,133.3,128.9,21.429939324542666,6.18550040317515,0.0,0.0,4.432291502695964,0.0,-11.099999999999994,1.9470491192105683
2024-06-06,143.1,133.3,18.008877368687745,4.420172662210006,0.0,0.0,4.171466333701655,0.0,7.599999999999994,-3.639154919112112
2024-06-07,145.9,143.1,21.901287010728936,0.0,0.0,0.0,4.99497060122543,0.0,17.0,7.310623200784807
2024-06-08,143.1,145.9,18.08825124232702,0.0,0.0,0.0,2.564910076415093,0.0,9.799999999999983,-3.341688082215647
2024-06-09,139.2,143.1,15.147659596755496,3.7988334131281536,0.0,0.0,3.251890189364674,0.0,-3.9000000000000057,-2.8612177719322496
2024-06-10,137.1,139.2,15.859640646375956,6.97837889416741,0.0,0.0,2.593603934234164,0.0,-8.800000000000011,-6.04164636435298
2024-06-11,134.0,137.1,21.062116409125213,9.416641827758154,0.0,0.0,5.719168192548489,0.0,-9.099999999999994,2.973865166798195
2024-06-12,138.1,134.0,21.868202199084383,0.0,0.0,0.0,4.815787752300697,0.0,-1.0999999999999943,6.720542602328887
2024-06-13,148.4,138.1,18.542786736757737,0.0,0.0,0.0,4.696695561662104,0.0,11.300000000000011,2.683146090381781
2024-06-14,134.3,148.4,23.33369530255019,0.0,0.0,0.0,4.806854495064719,0.0,0.30000000000001137,2.2715788934249765
2024-06-15,142.0,134.3,16.590970391730828,2.8222299456909172,0.0,0.0,3.5259240014158033,0.0,3.9000000000000057,-5.277231807353555
2024-06-16,132.2,142.0,21.530288469057506,1.7513269902529411,0.0,0.0,6.159426991588089,0.0,-16.200000000000017,2.9875017322997692
2024-06-17,139.0,132.2,18.243815849917993,1.5828816789385334,0.0,0.0,3.7593764188974683,0.0,4.699999999999989,-5.089879452632196
2024-06-18,127.4,139.0,20.064988052417704,2.348726043125752,0.0,0.0,3.9854572637081715,0.0,-14.599999999999994,3.474017660686876
2024-06-19,134.5,127.4,22.30157709756545,9.439304566349794,0.0,0.0,5.870467270152568,0.0,2.3000000000000114,0.7712886285079428
2024-06-20,128.9,134.5,19.712237322193296,0.0,0.0,0.0,4.974791452738256,0.0,-10.099999999999994,1.4684214722753026
2024-06-21,130.0,128.9,21.269079010783617,0.0,0.0,0.0,4.345065122717601,0.0,2.5999999999999943,1.2040909583659136
2024-06-22,133.2,130.0,25.56602588257831,0.0,0.0,0.0,3.7198252006877697,0.0,-1.3000000000000114,3.26444878501286
2024-06-23,133.7,133.2,20.93597038091985,5.174535371340379,0.0,0.0,4.197512628210295,0.0,4.799999999999983,1.2237330587265554
2024-06-24,123.9,133.7,25.288282173336665,0.0,0.0,0.0,6.911032318527229,0.0,-6.099999999999994,4.0192031625530475
2024-06-25,122.5,123.9,19.501672487362697,0.8335371397701525,0.0,0.0,3.676144227316921,0.0,-10.699999999999989,-6.064353395215612
2024-06-26,125.4,122.5,24.584787692761434,0.0,0.0,0.0,5.862583394881617,0.0,-8.299999999999983,3.648817311841583
2024-06-27,123.4,125.4,27.41962703221947,9.811862650173923,0.0,0.0,5.841454084355398,0.0,-0.5,2.1313448588828052
2024-06-28,123.8,123.4,15.774468087012725,9.971104811917396,0.0,0.0,1.9832560202191665,0.0,1.2999999999999972,-3.7272044003499722
2024-06-29,129.1,123.8,20.888102647463974,0.0,0.0,0.0,4.122503937604783,0.0,3.6999999999999886,-3.6966850452974604
2024-06-30,126.9,129.1,25.094271543984004,3.6637297704245126,0.0,0.0,6.839847319716586,0.0,3.5,-2.3253554882354663
2024-07-01,129.5,126.9,22.83304070491033,9.503305540680843,0.0,0.0,3.235851225097012,0.0,5.700000000000003,7.058572617897607
2024-07-02,120.7,129.5,24.62956769031264,7.054811189879828,0.0,0.0,7.113746442363712,0.0,-8.399999999999991,3.7414650428486667
2024-07-03,119.8,120.7,21.77293730984181,0.0,0.0,0.0,4.413986696321196,0.0,-7.1000000000000085,-3.321334234142192
2024-07-04,113.3,119.8,23.908214248928076,0.0,0.0,0.0,7.317148073410051,0.0,-16.200000000000003,1.0751735440177441
2024-07-05,112.7,113.3,23.239735581748736,2.4801297973238645,0.0,0.0,7.191708982987952,0.0,-8.0,-1.3898321085639047
2024-07-06,107.4,112.7,27.263188977029248,0.0,0.0,0.0,7.416660650604453,0.0,-12.399999999999991,5.490251667187437
2024-07-07,109.8,107.4,24.570918201370233,0.0,0.0,0.0,6.522848025147707,0.0,-3.5,0.6627039524421576
2024-07-08,103.6,109.8,24.862999744412825,1.4520689554428512,0.0,0.0,5.747576950570979,0.0,-9.100000000000009,1.6232641626640891
2024-07-09,93.3,103.6,22.6518075494838,0.0,0.0,0.0,4.450987038362039,0.0,-14.100000000000009,-4.611381427545449
2024-07-10,95.9,93.3,22.456566031243074,0.0,0.0,0.0,8.06787337609428,0.0,-13.899999999999991,-2.114352170127159
2024-07-11,94.4,95.9,22.648346495191408,0.0,0.0,0.0,5.035251000844435,0.0,-9.199999999999989,-2.214653249221417
2024-07-12,94.2,94.4,25.150696047628344,0.0,0.0,0.0,9.131850784434535,0.0,0.9000000000000057,2.498888498144545
2024-07-13,88.6,94.2,22.720380629379353,5.086299818300127,0.0,0.0,5.062615235056294,0.0,-7.300000000000011,0.2638145981362783
2024-07-14,85.0,88.6,24.863324243878438,7.309096261205068,0.0,0.0,7.5726567280383295,0.0,-9.400000000000006,2.21497774868703
2024-07-15,82.3,85.0,30.225535660029095,0.0,0.0,0.0,6.722385942184574,0.0,-11.900000000000006,5.074839612400751
2024-07-16,84.2,82.3,26.612707374387856,0.0,0.0,0.0,8.236910894728416,0.0,-4.3999999999999915,3.8923267450085035
2024-07-17,83.1,84.2,23.015929076685676,8.224026427735996,0.0,0.0,5.8107581787597615,0.0,-1.9000000000000057,-1.8473951671927615
2024-07-18,68.8,83.1,27.586975838331973,9.98688040460114,0.0,0.0,7.305449811275925,0.0,-13.5,-2.6385598216971218
2024-07-19,74.2,68.8,22.7431135014288,0.0,0.0,0.0,6.86821017145203,0.0,-10.0,-3.8695938729590544
2024-07-20,74.2,74.2,17.83164745311671,0.0,0.0,0.0,4.011548265761809,0.0,-8.899999999999991,-5.1842816235689675
2024-07-21,73.5,74.2,20.895125770708344,0.0,0.0,0.0,3.917476994044386,0.0,4.700000000000003,-6.69185006762363
2024-07-22,72.6,73.5,18.275062684773637,12.000435506630087,0.0,0.0,5.277236782527295,0.0,-1.6000000000000085,-4.468050816655165
2024-07-23,61.8,72.6,22.79565130606329,0.0,0.0,0.0,4.732448434770933,0.0,-12.400000000000006,4.964003852946583
2024-07-24,58.8,61.8,23.86291080903525,0.0,0.0,0.0,7.1799725723348375,0.0,-14.700000000000003,2.9677850383269053
2024-07-25,61.9,58.8,28.789154728875676,8.502648498053505,0.0,0.0,9.804385191825697,0.0,-10.699999999999996,10.51409204410204
2024-07-26,63.8,61.9,24.687549409217464,0.0,0.0,0.0,6.282118289791158,0.0,2.0,1.8918981031541726
2024-07-27,64.6,63.8,22.991143300082786,12.93705816047653,0.0,0.0,7.674704120531345,0.0,5.799999999999997,-0.8717675089524626
2024-07-28,60.4,64.6,26.07310961353974,0.0,0.0,0.0,7.970757797789922,0.0,-1.5,-2.7160451153359375
2024-07-29,62.8,60.4,16.88272414317506,7.925020732169076,0.0,0.0,3.528997507870766,0.0,-1.0,-7.804825266042403
2024-07-30,54.2,62.8,24.14902053736501,4.587031863196482,0.0,0.0,8.458095584868518,0.0,-10.399999999999991,1.157877237282225
2024-07-31,62.9,54.2,25.675650744103283,0.0,0.0,0.0,5.5043677650195555,0.0,2.5,-0.3974588694364556
2024-08-01,56.6,62.9,18.843029676535878,0.0,0.0,0.0,4.837697030016656,0.0,-6.199999999999996,1.9603055333608168
2024-08-02,64.9,56.6,26.620663717015383,0.0,0.0,0.0,7.834188443686419,0.0,10.700000000000003,2.4716431796503713
2024-08-03,55.8,64.9,24.110410392729012,0.0,0.0,0.0,8.09689383457549,0.0,-7.100000000000001,-1.5652403513742712
2024-08-04,49.2,55.8,21.749511417313187,0.0,0.0,0.0,7.742564971597661,0.0,-7.399999999999999,2.906481740777309
2024-08-05,47.6,49.2,24.78913864965441,0.0,0.0,0.0,9.053949986062658,0.0,-17.300000000000004,-1.831525067360971
2024-08-06,48.6,47.6,29.59328441055443,5.514294697070134,0.0,0.0,9.710783200600295,0.0,-7.199999999999996,5.4828740178254165
2024-08-07,47.4,48.6,23.21224475466478,6.070662013318405,0.0,0.0,6.497349027588576,0.0,-1.8000000000000043,1.4627333373515938
2024-08-08,55.8,47.4,23.291809213835997,0.0,0.0,0.0,4.388551742864097,0.0,8.199999999999996,-1.4973294358184148
2024-08-09,54.5,55.8,21.04466294485236,8.338365986913697,0.0,0.0,4.47017191224831,0.0,5.899999999999999,-8.54862146570207
2024-08-10,48.7,54.5,19.743944309650782,13.601562644984002,0.0,0.0,7.541248106326762,0.0,1.3000000000000043,-3.4683004450139983
2024-08-11,62.8,48.7,24.65038853324894,0.0,0.0,0.0,4.699516914588827,0.0,7.0,1.358579319412943
2024-08-12,61.2,62.8,19.452244898097575,22.24625324522725,0.0,0.0,4.605118939237788,0.0,6.700000000000003,-1.5924180467547835
2024-08-13,59.7,61.2,22.09156316086354,0.0,0.0,0.0,7.938369805048459,0.0,11.0,2.347618851212758
2024-08-14,64.6,59.7,20.295555524704103,6.566703387493108,0.0,0.0,6.0233009152077095,0.0,1.7999999999999972,-4.354833008544837
2024-08-15,62.3,64.6,23.012470055776884,4.4533121655185095,0.0,0.0,8.071239797106527,0.0,1.0999999999999943,3.5602251576793087
2024-08-16,61.7,62.3,22.418904242078913,0.0,0.0,0.0,7.2980652681283456,0.0,2.0,0.32734108121537275
2024-08-17,51.3,61.7,24.368356444844657,15.55958893655802,0.0,0.0,9.471625291747648,0.0,-13.299999999999997,4.072800920140555
2024-08-18,63.3,51.3,19.5589854973557,18.83101266781551,0.0,0.0,5.827571410472024,0.0,1.0,-3.4534845584211844
2024-08-19,67.2,63.3,20.108236763260958,0.0,0.0,0.0,6.467704364144487,0.0,5.5,-2.3106674788179546
2024-08-20,67.3,67.2,17.805976812678523,6.656285696891483,0.0,0.0,4.13886107780966,0.0,16.0,-6.5623796321661345
2024-08-21,57.8,67.3,19.229426118520717,2.448518820614678,0.0,0.0,6.008550078255534,0.0,-5.5,-0.32955937883498265
2024-08-22,63.0,57.8,21.509930191089122,0.0,0.0,0.0,5.745451177989495,0.0,-4.200000000000003,1.4016934278281639
2024-08-23,59.0,63.0,22.46045685488551,0.7619845722681008,0.0,0.0,6.001031783197012,0.0,-8.299999999999997,4.654480042206988
2024-08-24,56.5,59.0,17.230252672992407,0.0,0.0,0.0,5.449471065202646,0.0,-1.2999999999999972,-1.9991734455283101
2024-08-25,53.7,56.5,22.408676507719846,5.91165898854126,0.0,0.0,7.765916694200115,0.0,-9.299999999999997,0.8987463166307244
2024-08-26,52.9,53.7,23.6657932297231,21.521139631988465,0.0,0.0,9.436846866828464,0.0,-6.100000000000001,1.2053363748375894
2024-08-27,58.9,52.9,20.6341756273556,17.35388405563253,0.0,0.0,7.82712880468456,0.0,2.3999999999999986,3.4039229543631926
2024-08-28,66.2,58.9,24.815280726718623,17.852923665359185,0.0,0.0,8.8629931139973,0.0,12.5,2.406604218998776
2024-08-29,65.2,66.2,16.650641094658788,0.0,0.0,0.0,2.8881526473864008,0.0,12.300000000000004,-7.015152135064312
2024-08-30,78.8,65.2,15.02131609882603,24.78715651451025,0.0,0.0,5.171939830184231,0.0,19.9,-5.612859528529569
2024-08-31,72.1,78.8,13.19861131403087,0.0,0.0,0.0,3.667485179424901,0.0,5.8999999999999915,-11.616669412687752
2024-09-01,87.4,72.1,22.79868252371054,0.0,0.0,0.0,5.878244737367048,0.0,22.200000000000003,6.1480414290517515
2024-09-02,61.9,87.4,20.045776205277743,7.023463108958902,0.0,0.0,6.723279034287217,0.0,-16.9,5.024460106451713
2024-09-03,61.6,61.9,17.684474511833518,0.0,0.0,0.0,3.9206857330623643,0.0,-10.499999999999993,4.485863197802647
2024-09-04,52.4,61.6,18.45617191709136,0.0,0.0,0.0,5.897209721110062,0.0,-35.00000000000001,-4.342510606619179
2024-09-05,58.9,52.4,14.001394259477149,0.0,0.0,0.0,2.5863790450476887,0.0,-3.0,-6.044381945800595
2024-09-06,51.5,58.9,24.47334119757554,0.0,0.0,0.0,6.3669834658102875,0.0,-10.100000000000001,6.788866685742022
2024-09-07,59.4,51.5,17.278672799604973,0.0,0.0,0.0,5.468607415938156,0.0,7.0,-1.1774991174863878
2024-09-08,47.1,59.4,16.970890391359088,18.20307075029662,0.0,0.0,5.670433201641439,0.0,-11.799999999999997,2.9694961318819395
2024-09-09,42.5,47.1,18.568548969627177,0.0,0.0,0.0,5.636159163327047,0.0,-9.0,-5.904792227948363
2024-09-10,57.6,42.5,17.579740732158676,0.0,0.0,0.0,4.625304559635505,0.0,-1.7999999999999972,0.30106793255370334
2024-09-11,48.0,57.6,16.55082532196235,17.701653153271526,0.0,0.0,2.5994026856276546,0.0,0.8999999999999986,-0.42006506939673827
2024-09-12,56.3,48.0,13.247282682721677,0.0,0.0,0.0,3.081979470814162,0.0,13.799999999999997,-5.3212662869055
2024-09-13,53.8,56.3,16.76979369020727,8.287901925651362,0.0,0.0,5.079982263881103,0.0,-3.8000000000000043,-0.809947041951407
2024-09-14,57.6,53.8,20.735372474412465,0.0,0.0,0.0,5.74801074457492,0.0,9.600000000000001,4.184547152450115
2024-09-15,51.0,57.6,18.856776134188003,0.0,0.0,0.0,5.379739809258655,0.0,-5.299999999999997,5.609493451466326
2024-09-16,54.3,51.0,19.328679177125096,0.0,0.0,0.0,5.380731933576423,0.0,0.5,2.558885486917827
2024-09-17,59.7,54.3,12.741542280844328,0.0,0.0,0.0,2.824942311121827,0.0,2.1000000000000014,-7.993830193568137
2024-09-18,52.9,59.7,11.029992745107297,0.0,0.0,0.0,2.387385299247923,0.0,1.8999999999999986,-7.826783389080706
2024-09-19,46.8,52.9,13.342694122125769,21.413028076719957,0.0,0.0,3.0762001235916574,0.0,-7.5,-5.985985054999327
2024-09-20,49.2,46.8,13.606189676958364,0.0,0.0,0.0,4.325269419285428,0.0,-10.5,0.8646473961140355
2024-09-21,61.7,49.2,16.438345212498866,0.0,0.0,0.0,2.492407756122726,0.0,8.800000000000004,5.40835246739157
2024-09-22,59.4,61.7,7.793012075655396,22.835029204066036,0.0,0.0,0.9703602046517177,0.0,12.600000000000001,-5.549682046470373
2024-09-23,48.9,59.4,17.17165638133269,13.11506122088464,0.0,0.0,3.9207341308430506,0.0,-0.30000000000000426,3.565466704374325
2024-09-24,68.4,48.9,11.819630498785141,2.35866982465151,0.0,0.0,2.776207654313144,0.0,6.700000000000003,-4.618714713713725
2024-09-25,57.5,68.4,10.721794810685108,14.405957593085578,0.0,0.0,2.265929693739116,0.0,-1.8999999999999986,2.9287827350297118
2024-09-26,61.0,57.5,8.673130068823404,0.0,0.0,0.0,1.8972857750227778,0.0,12.100000000000001,-8.498526312509284
2024-09-27,65.5,61.0,6.450186521844715,27.025503487893133,0.0,0.0,0.7862752957698232,0.0,-2.9000000000000057,-5.369443976940426
2024-09-28,64.0,65.5,13.587977122943808,4.608748290148216,0.0,0.0,2.8314516815639656,0.0,6.5,2.866182312258701
2024-09-29,73.6,64.0,11.04061139448436,0.0,0.0,0.0,2.35607405833503,0.0,12.599999999999994,2.3674813256609557
2024-09-30,63.0,73.6,6.65153845070359,21.729900747889886,0.0,0.0,0.669387930596695,0.0,-2.5,0.20135192885887498
2024-10-01,58.4,63.0,6.335608696076541,25.85853818259506,0.0,0.0,0.4242384401077719,0.0,-5.600000000000001,-7.2523684268672675
2024-10-02,71.8,58.4,8.911664049267195,0.0,0.0,0.0,1.6641811500370256,0.0,-1.7999999999999972,-2.128947345217165
2024-10-03,79.1,71.8,14.623094568219614,0.0,0.0,0.0,3.4627579308054983,0.0,16.099999999999994,7.971556117516023
2024-10-04,67.6,79.1,8.533196275747423,0.0,0.0,0.0,1.0502122606807909,0.0,9.199999999999996,2.1975875796708824
2024-10-05,61.4,67.6,4.497500399683831,5.442638636770609,0.0,0.0,0.0,0.0,-10.399999999999999,-4.414163649583363
2024-10-06,61.5,61.4,7.963767977945914,3.1778975679176487,0.0,0.0,0.8966275542911103,0.0,-17.599999999999994,-6.659326590273699
2024-10-07,56.6,61.5,7.5760940083725234,6.813676517593817,0.0,0.0,1.1754738107573066,0.0,-10.999999999999993,-0.9571022673748999
2024-10-08,57.0,56.6,-0.0038371361057034648,4.7439776516141565,0.0011511408317110394,0.0,0.0,0.0,-4.399999999999999,-4.501337535789535
2024-10-09,67.3,57.0,7.615877897638262,0.0,0.0,0.0011511408317110394,1.037059050987501,0.0,5.799999999999997,-0.34789008030765256
2024-10-10,52.5,67.3,6.777371525321578,0.0,0.0,0.0,0.6866937550513281,0.0,-4.100000000000001,-0.7987224830509456
2024-10-11,47.6,52.5,9.249771184527948,9.028707333745736,0.0,0.0,1.6551354140860406,0.0,-9.399999999999999,9.253608320633651
2024-10-12,55.9,47.6,12.398653274639816,0.0,0.0,0.0,3.457431609900746,0.0,-11.399999999999999,4.782775377001554
2024-10-13,53.9,55.9,9.921860575887623,4.4098292562171935,0.0,0.0,2.2920008769678804,0.0,1.3999999999999986,3.1444890505660448
2024-10-14,52.7,53.9,5.425719257685667,20.23548334671656,0.0,0.0,0.15717563998418976,0.0,5.100000000000001,-3.82405192684228
2024-10-15,51.7,52.7,2.6029585844426006,0.0,0.0,0.0,0.0,0.0,-4.199999999999996,-9.795694690197216
2024-10-16,63.7,51.7,13.332789655897582,0.0,0.0,0.0,3.5603912119932066,0.0,9.800000000000004,3.410929080009959
2024-10-17,66.1,63.7,5.480654245984333,0.0,0.0,0.0,0.14032520304989599,0.0,13.399999999999991,0.05493498829866539
2024-10-18,59.4,66.1,5.035282053927984,9.171150901749634,0.0,0.0,0.016568504469567088,0.0,7.699999999999996,2.4323234694853837
2024-10-19,57.2,59.4,4.611912400504591,0.0,0.0,0.0,0.0,0.0,-6.5,-8.720877255392992
2024-10-20,51.8,57.2,4.969725301744832,0.0,0.0,0.0,0.0,0.0,-14.299999999999997,-0.5109289442395006
2024-10-21,50.1,51.8,3.634054524273237,8.430869684782161,0.0,0.0,0.0,0.0,-9.299999999999997,-1.4012275296547472
2024-10-22,41.3,50.1,2.0383872293970944,0.0,0.0,0.0,0.0,0.0,-15.900000000000006,-2.5735251711074962
2024-10-23,53.1,41.3,1.8116978623720494,9.402447732394368,0.0,0.0,0.0,0.0,1.3000000000000043,-3.1580274393727827
2024-10-24,57.7,53.1,3.0476712574955793,7.738062145042541,0.0,0.0,0.0,0.0,7.600000000000001,-0.5863832667776578
2024-10-25,59.8,57.7,1.2101588590130052,0.0,0.0,0.0,0.0,0.0,18.5,-0.8282283703840891
2024-10-26,58.6,59.8,0.39733417649356806,3.717737593736311,0.0,0.0,0.0,0.0,5.5,-1.4143636858784814
2024-10-27,55.9,58.6,2.551627055740811,0.0,0.0,0.0,0.0,0.0,-1.8000000000000043,-0.4960442017547684
2024-10-28,53.1,55.9,1.1649860085882497,5.802277588144736,0.0,0.0,0.0,0.0,-6.699999999999996,-0.045172850424755495
2024-10-29,54.3,53.1,6.1406839680212215,6.236525178724129,0.0,0.0,0.45497246481891906,0.0,-4.300000000000004,5.7433497915276535
2024-10-30,58.4,54.3,-6.6241217724354255,6.5873408799019915,1.9872365317306275,0.0,0.0,0.0,2.5,-9.175748828176236
2024-10-31,50.8,58.4,4.304775040012947,0.0,0.0,1.9872365317306275,0.0,0.0,-2.3000000000000043,3.139789031424697
2024-11-01,59.6,50.8,4.471449536092624,0.0,0.0,0.0,0.0,0.0,5.300000000000004,-1.6692344319285972
2024-11-02,59.0,59.6,-5.782476595973499,0.0,1.7347429787920496,0.0,0.0,0.0,0.6000000000000014,0.8416451764619266
2024-11-03,51.5,59.0,-0.8842203070566779,7.446526091002671,2.000009070909053,0.0,0.0,0.0,0.7000000000000028,-5.188995347069625
2024-11-04,54.4,51.5,-1.2625964430087824,0.0,2.378788003811688,0.0,0.0,0.0,-5.200000000000003,-5.734045979101406
2024-11-05,66.2,54.4,-4.6611033831497215,0.0,3.777119018756604,0.0,0.0,0.0,7.200000000000003,1.1213732128237774
2024-11-06,52.5,66.2,-3.060404929001072,0.0,4.6952404974569255,0.0,0.0,0.0,1.0,-2.1761846219443943
2024-11-07,53.0,52.5,-4.345075627951665,0.0,5.998763185842425,0.0,0.0,0.0,-1.3999999999999986,-3.082479184942883
2024-11-08,48.7,53.0,3.959148219790917,0.0,0.0,5.998763185842425,0.0,0.0,-17.5,8.620251602940638
2024-11-09,51.3,48.7,1.227219505112779,0.0,0.0,0.0,0.0,0.0,-1.2000000000000028,4.287624434113852
2024-11-10,51.6,51.3,1.9549431097733283,6.957875519937134,0.0,0.0,0.0,0.0,-1.3999999999999986,6.300018737724994
2024-11-11,50.0,51.6,0.027716521348239098,2.092297083178703,0.0,0.0,0.0,0.0,1.2999999999999972,-3.931431698442678
2024-11-12,49.0,50.0,-5.799621222495725,0.0,1.7398863667487174,0.0,0.0,0.0,-2.299999999999997,-7.026840727608504
2024-11-13,53.6,49.0,-4.258700150541237,0.0,3.0174964119110887,0.0,0.0,0.0,2.0,-6.213643260314566
2024-11-14,57.2,53.6,-1.4871155166454912,1.661575976699587,3.4636310669047363,0.0,0.0,0.0,7.200000000000003,-1.5148320379937303
2024-11-15,52.1,57.2,-6.8890688449874595,0.0,5.530351720400974,0.0,0.0,0.0,3.1000000000000014,-1.0894476224917344
2024-11-16,54.5,52.1,-1.3484034650455388,3.8492267667978433,5.934872759914636,0.0,0.0,0.0,0.8999999999999986,2.9102966854956986
2024-11-17,48.9,54.5,-4.470276966282066,0.0,7.275955849799256,0.0,0.0,0.0,-8.300000000000004,-2.983161449636575
2024-11-18,54.6,48.9,-5.132776282475596,0.0,8.815788734541934,0.0,0.0,0.0,2.5,1.756292562511864
2024-11-19,51.6,54.6,-2.1314813638416865,0.0,9.455233143694441,0.0,0.0,0.0,-2.8999999999999986,-0.7830778987961478
2024-11-20,46.0,51.6,-3.1845771908525102,0.0,10.410606300950194,0.0,0.0,0.0,-2.8999999999999986,1.2856997754295558
2024-11-21,50.5,46.0,-5.850154956763724,0.0,12.165652787979312,0.0,0.0,0.0,-4.100000000000001,-0.7173786742881285
2024-11-22,44.9,50.5,-1.535965812744291,5.9151146769425615,12.6264425318026,0.0,0.0,0.0,-6.700000000000003,0.5955155510973955
2024-11-23,46.1,44.9,-8.500580296534114,0.0,15.176616620762832,0.0,0.0,0.0,0.10000000000000142,-5.316003105681604
2024-11-24,52.7,46.1,-3.649682776094692,0.0,16.27152145359124,0.0,0.0,0.0,2.200000000000003,2.200472180669032
2024-11-25,52.0,52.7,-3.9548781519116725,0.0,17.457984899164742,0.0,0.0,0.0,7.100000000000001,-2.4189123391673815
2024-11-26,45.2,52.0,-6.89603648129913,2.1632469876822484,19.52679584355448,0.0,0.0,0.0,-0.8999999999999986,1.604543815234984
2024-11-27,53.6,45.2,-5.218667136114043,10.446997796011257,21.092395984388695,0.0,0.0,0.0,0.8999999999999986,-1.5689843600193507
2024-11-28,52.5,53.6,-10.176461717529405,0.9832782193719097,24.145334499647515,0.0,0.0,0.0,0.5,-6.221583565617732
2024-11-29,53.0,52.5,-3.8734134774241156,0.0,25.30735854287475,0.0,0.0,0.0,7.799999999999997,3.0226230038750144
2024-11-30,47.9,53.0,-7.418827358102261,3.408621157676148,27.533006750305425,0.0,0.0,0.0,-5.700000000000003,-2.2001602219882184
2024-12-01,51.7,47.9,-8.64710450739129,11.115246972677197,30.127138102522814,0.0,0.0,0.0,-0.7999999999999972,1.529357210138114
2024-12-02,51.2,51.7,-4.142846694545247,2.306160809261856,31.369992110886386,0.0,0.0,0.0,-1.7999999999999972,-0.2694332171211311
2024-12-03,58.6,51.2,-9.609906293310502,0.0,34.25296399887954,0.0,0.0,0.0,10.700000000000003,-2.1910789352082407
2024-12-04,55.1,58.6,-11.925260544984615,0.0,37.83054216237492,0.0,0.0,0.0,3.3999999999999986,-3.278156037593325
2024-12-05,45.9,55.1,-12.568706041556666,4.910745113482533,41.60115397484192,0.0,0.0,0.0,-5.300000000000004,-8.42585934701142
2024-12-06,50.6,45.9,-6.275612012150205,0.0,43.483837578486984,0.0,0.0,0.0,-8.0,3.3342942811602967
2024-12-07,52.6,50.6,-12.1255770186275,0.0,47.12151068407523,0.0,0.0,0.0,-2.5,-0.20031647364288396
2024-12-08,54.6,52.6,-3.206320767037681,0.0,48.08340691418654,0.0,0.0,0.0,8.700000000000003,9.362385274518985
2024-12-09,48.1,54.6,-14.898617906799082,0.0,52.552992286226264,0.0,0.0,0.0,-2.5,-8.623005894648877
2024-12-10,56.7,48.1,-3.7412449987658496,0.0,53.675365785856016,0.0,0.0,0.0,4.100000000000001,8.384332019861649
2024-12-11,41.8,56.7,-8.370951491486396,0.0,56.18665123330194,0.0,0.0,0.0,-12.800000000000004,-5.164630724448715
2024-12-12,54.2,41.8,-9.463087007997276,0.0,59.02557733570112,0.0,0.0,0.0,6.100000000000001,5.435530898801806
2024-12-13,47.8,54.2,-10.972152640250416,1.1603349207147005,62.317223127776245,0.0,0.0,0.0,-8.900000000000006,-7.230907641484566
2024-12-14,51.9,47.8,-8.29988994294569,0.0,64.80719011065995,0.0,0.0,0.0,10.100000000000001,0.07106154854070645
2024-12-15,49.4,51.9,-9.765513115513542,0.0,67.736844045314,0.0,0.0,0.0,-4.800000000000004,-0.30242610751626664
2024-12-16,53.3,49.4,-6.4933758785664235,11.412845793103388,69.68485680888392,0.0,0.0,0.0,5.5,4.478776761683992
2024-12-17,47.0,53.3,-9.606588241628362,0.0,72.56683328137242,0.0,0.0,0.0,-4.899999999999999,-1.3066982986826723
2024-12-18,50.8,47.0,-9.639629452960994,0.0,75.45872211726072,0.0,0.0,0.0,1.3999999999999986,0.1258836625525479
2024-12-19,58.7,50.8,-11.317866951015477,0.0,78.85408220256537,0.0,0.0,0.0,5.400000000000006,-4.824491072449053
2024-12-20,51.1,58.7,-10.52955434327425,0.0,82.01294850554764,0.0,0.0,0.0,4.100000000000001,-0.9229661016458888
2024-12-21,51.4,51.1,-9.562151882134987,0.0,84.88159407018814,0.0,0.0,0.0,0.6000000000000014,0.07747757082600693
2024-12-22,54.7,51.4,-15.738017057098652,0.0,89.60299918731774,0.0,0.0,0.0,-4.0,-4.420150106083176
2024-12-23,45.1,54.7,-14.769101671574278,1.1877360718368086,94.03372968879002,0.0,0.0,0.0,-6.0,-4.239547328300027
2024-12-24,51.2,45.1,-8.606830805568519,0.0,96.61577893046058,0.0,0.0,0.0,-0.19999999999999574,0.9553210765664684
2024-12-25,46.9,51.2,-10.43111540084742,0.0,99.7451135507148,0.0,0.0,0.0,-7.800000000000004,5.306901656251233
2024-12-26,48.4,46.9,-11.597729564427388,0.0,103.22443242004302,0.0,0.0,0.0,3.299999999999997,3.1713721071468903
2024-12-27,48.9,48.4,-11.087494563950973,0.0,106.55068078922831,0.0,0.0,0.0,-2.3000000000000043,-2.4806637583824536
2024-12-28,42.4,48.9,-10.191988274305688,0.0,109.60827727152001,0.0,0.0,0.0,-4.5,0.23912712654173163
2024-12-29,45.2,42.4,-12.940842435102763,0.0,113.49053000205083,0.0,0.0,0.0,-3.1999999999999957,-1.343112870675375
2024-12-30,53.6,45.2,-13.73817482110193,0.0,117.61198244838141,0.0,0.0,0.0,4.700000000000003,-2.650680257150958
2024-12-31,51.7,53.6,-10.892265168600066,1.6993209288992643,120.87966199896142,0.0,0.0,0.0,9.300000000000004,-0.7002768942943778
